year,month,region,filesize
1970,05,at,3766
1970,05,bo,3969
1970,05,ch,4918
1970,05,cl,4271
1970,05,da,4872
1970,05,kc,3943
1970,05,mi,5873
1970,05,ny,3058
1970,05,ph,3630
1970,05,ri,3329
1970,05,sf,4021
1970,05,sl,2891
1970,05,su,2075
1970,06,at,3896
1970,06,bo,5740
1970,06,ch,5474
1970,06,cl,4996
1970,06,da,5659
1970,06,kc,4364
1970,06,mi,4802
1970,06,ny,5330
1970,06,ph,2732
1970,06,ri,4653
1970,06,sf,5446
1970,06,sl,4234
1970,06,su,5793
1970,07,at,4065
1970,07,bo,3750
1970,07,ch,4518
1970,07,cl,4411
1970,07,da,4364
1970,07,kc,5498
1970,07,mi,5150
1970,07,ny,6124
1970,07,ph,2660
1970,07,ri,4912
1970,07,sf,3543
1970,07,sl,3702
1970,07,su,5464
1970,08,at,4314
1970,08,bo,3215
1970,08,ch,4066
1970,08,cl,4570
1970,08,da,4624
1970,08,kc,5404
1970,08,mi,5017
1970,08,ny,3746
1970,08,ph,2540
1970,08,ri,4507
1970,08,sf,3719
1970,08,sl,3556
1970,08,su,3428
1970,09,at,4035
1970,09,bo,4976
1970,09,ch,5442
1970,09,cl,3320
1970,09,da,4756
1970,09,kc,3857
1970,09,mi,4792
1970,09,ny,4178
1970,09,ph,2131
1970,09,ri,4302
1970,09,sf,4545
1970,09,sl,3394
1970,09,su,2004
1970,10,at,3735
1970,10,bo,3757
1970,10,ch,5039
1970,10,cl,3984
1970,10,da,4311
1970,10,kc,5158
1970,10,mi,4952
1970,10,ny,4697
1970,10,ph,1928
1970,10,ri,4280
1970,10,sf,4665
1970,10,sl,3166
1970,10,su,4747
1970,11,at,4652
1970,11,bo,6058
1970,11,ch,4617
1970,11,cl,4481
1970,11,da,5160
1970,11,kc,5223
1970,11,mi,4875
1970,11,ny,4321
1970,11,ph,3737
1970,11,ri,4211
1970,11,sf,4273
1970,11,sl,4024
1970,11,su,4609
1970,12,at,5596
1970,12,bo,4312
1970,12,ch,4446
1970,12,cl,3908
1970,12,da,5577
1970,12,kc,3739
1970,12,mi,4810
1970,12,ny,4534
1970,12,ph,4923
1970,12,ri,4614
1970,12,sf,4240
1970,12,sl,2901
1970,12,su,6145
1971,01,at,4635
1971,01,bo,53
1971,01,ch,3563
1971,01,cl,3855
1971,01,da,3794
1971,01,kc,5051
1971,01,mi,4608
1971,01,ny,3225
1971,01,ph,3503
1971,01,ri,4230
1971,01,sf,4016
1971,01,sl,3309
1971,01,su,4986
1971,02,at,3198
1971,02,bo,2900
1971,02,ch,4021
1971,02,cl,3951
1971,02,da,3847
1971,02,kc,0
1971,02,mi,4658
1971,02,ny,3837
1971,02,ph,3425
1971,02,ri,4158
1971,02,sf,4728
1971,02,sl,3315
1971,02,su,4584
1971,03,at,2616
1971,03,bo,4511
1971,03,ch,4666
1971,03,cl,5814
1971,03,da,4858
1971,03,kc,5181
1971,03,mi,4185
1971,03,ny,4940
1971,03,ph,3432
1971,03,ri,3428
1971,03,sf,3852
1971,03,sl,3512
1971,03,su,3674
1971,04,at,3328
1971,04,bo,4102
1971,04,ch,3802
1971,04,cl,3901
1971,04,da,3382
1971,04,kc,5841
1971,04,mi,4829
1971,04,ny,3961
1971,04,ph,4182
1971,04,ri,3797
1971,04,sf,4987
1971,04,sl,3181
1971,04,su,3855
1971,05,at,5947
1971,05,bo,4220
1971,05,ch,5740
1971,05,cl,4165
1971,05,da,3811
1971,05,kc,4243
1971,05,mi,3799
1971,05,ny,4234
1971,05,ph,3944
1971,05,ri,3840
1971,05,sf,3394
1971,05,sl,3856
1971,05,su,5305
1971,06,at,3981
1971,06,bo,3854
1971,06,ch,4113
1971,06,cl,2474
1971,06,da,4112
1971,06,kc,4168
1971,06,mi,3621
1971,06,ny,4410
1971,06,ph,3369
1971,06,ri,2668
1971,06,sf,3781
1971,06,sl,3764
1971,06,su,4664
1971,07,at,4051
1971,07,bo,4248
1971,07,ch,0
1971,07,cl,3839
1971,07,da,5214
1971,07,kc,3411
1971,07,mi,4863
1971,07,ny,4816
1971,07,ph,3599
1971,07,ri,3213
1971,07,sf,3809
1971,07,sl,3359
1971,07,su,4565
1971,08,at,4029
1971,08,bo,6118
1971,08,ch,4581
1971,08,cl,3582
1971,08,da,4018
1971,08,kc,5583
1971,08,mi,3860
1971,08,ny,4225
1971,08,ph,2110
1971,08,ri,3226
1971,08,sf,4773
1971,08,sl,3216
1971,08,su,5703
1971,09,at,3637
1971,09,bo,5519
1971,09,ch,3965
1971,09,cl,5013
1971,09,da,4860
1971,09,kc,5168
1971,09,mi,4363
1971,09,ny,4631
1971,09,ph,2953
1971,09,ri,3253
1971,09,sf,3723
1971,09,sl,3362
1971,09,su,4235
1971,10,at,4261
1971,10,bo,5399
1971,10,ch,4482
1971,10,cl,2520
1971,10,da,5025
1971,10,kc,4646
1971,10,mi,4903
1971,10,ny,3331
1971,10,ph,2667
1971,10,ri,3993
1971,10,sf,3457
1971,10,sl,3478
1971,10,su,4168
1971,11,at,4243
1971,11,bo,5407
1971,11,ch,4362
1971,11,cl,4088
1971,11,da,4613
1971,11,kc,4419
1971,11,mi,3973
1971,11,ny,4259
1971,11,ph,3234
1971,11,ri,3684
1971,11,sf,3831
1971,11,sl,3443
1971,11,su,3408
1971,12,at,3331
1971,12,bo,4998
1971,12,ch,4802
1971,12,cl,4270
1971,12,da,4613
1971,12,kc,5305
1971,12,mi,3684
1971,12,ny,4623
1971,12,ph,3270
1971,12,ri,3632
1971,12,sf,3686
1971,12,sl,4099
1971,12,su,6519
1972,02,at,3811
1972,02,bo,5337
1972,02,ch,5710
1972,02,cl,4533
1972,02,da,4418
1972,02,kc,5313
1972,02,mi,5183
1972,02,ny,5185
1972,02,ph,3414
1972,02,ri,3747
1972,02,sf,3527
1972,02,sl,3345
1972,02,su,5280
1972,03,at,3549
1972,03,bo,5382
1972,03,ch,5363
1972,03,cl,3804
1972,03,da,4970
1972,03,kc,5476
1972,03,mi,3125
1972,03,ny,6276
1972,03,ph,3578
1972,03,ri,3039
1972,03,sf,4372
1972,03,sl,4071
1972,03,su,5833
1972,04,at,2381
1972,04,bo,4241
1972,04,ch,3996
1972,04,cl,3722
1972,04,da,3710
1972,04,kc,5281
1972,04,mi,4793
1972,04,ny,5832
1972,04,ph,2732
1972,04,ri,3415
1972,04,sf,4211
1972,04,sl,3401
1972,04,su,5291
1972,05,at,4171
1972,05,bo,2916
1972,05,ch,5331
1972,05,cl,4857
1972,05,da,4672
1972,05,kc,4992
1972,05,mi,4224
1972,05,ny,5462
1972,05,ph,2200
1972,05,ri,3781
1972,05,sf,3381
1972,05,sl,3211
1972,05,su,3874
1972,06,at,3538
1972,06,bo,3029
1972,06,ch,4152
1972,06,cl,2987
1972,06,da,5107
1972,06,kc,5492
1972,06,mi,5234
1972,06,ny,5277
1972,06,ph,3304
1972,06,ri,3134
1972,06,sf,3245
1972,06,sl,3297
1972,06,su,5841
1972,07,at,3377
1972,07,bo,3823
1972,07,ch,5503
1972,07,cl,3610
1972,07,da,4210
1972,07,kc,5257
1972,07,mi,4649
1972,07,ny,3896
1972,07,ph,3246
1972,07,ri,2691
1972,07,sf,3929
1972,07,sl,3353
1972,07,su,6265
1972,08,at,3660
1972,08,bo,2565
1972,08,ch,4722
1972,08,cl,4556
1972,08,da,5644
1972,08,kc,5279
1972,08,mi,5537
1972,08,ny,3881
1972,08,ph,3214
1972,08,ri,3000
1972,08,sf,3951
1972,08,sl,3495
1972,08,su,4342
1972,09,at,2948
1972,09,bo,2825
1972,09,ch,4578
1972,09,cl,3313
1972,09,da,5052
1972,09,kc,5645
1972,09,mi,5082
1972,09,ny,5076
1972,09,ph,2928
1972,09,ri,3057
1972,09,sf,3493
1972,09,sl,3824
1972,09,su,3847
1972,10,at,3822
1972,10,bo,4540
1972,10,ch,4806
1972,10,cl,4405
1972,10,da,4220
1972,10,kc,5583
1972,10,mi,4277
1972,10,ny,3731
1972,10,ph,2574
1972,10,ri,2957
1972,10,sf,3947
1972,10,sl,3411
1972,10,su,3627
1972,11,at,3225
1972,11,bo,3028
1972,11,ch,5178
1972,11,cl,4189
1972,11,da,4981
1972,11,kc,4853
1972,11,mi,4621
1972,11,ny,3812
1972,11,ph,2755
1972,11,ri,3109
1972,11,sf,3761
1972,11,sl,3238
1972,11,su,4551
1972,12,at,4353
1972,12,bo,5519
1972,12,ch,4282
1972,12,cl,4707
1972,12,da,4877
1972,12,kc,4636
1972,12,mi,4788
1972,12,ny,4034
1972,12,ph,2942
1972,12,ri,3339
1972,12,sf,3471
1972,12,sl,3960
1972,12,su,5869
1973,01,at,2851
1973,01,bo,3330
1973,01,ch,4575
1973,01,cl,4537
1973,01,da,4793
1973,01,kc,4611
1973,01,mi,4838
1973,01,ny,4153
1973,01,ph,3255
1973,01,ri,3475
1973,01,sf,2913
1973,01,sl,3752
1973,01,su,3899
1973,02,at,4474
1973,02,bo,4536
1973,02,ch,5209
1973,02,cl,4684
1973,02,da,3665
1973,02,kc,6070
1973,02,mi,3822
1973,02,ny,3757
1973,02,ph,3557
1973,02,ri,3300
1973,02,sf,4250
1973,02,sl,3766
1973,02,su,4819
1973,03,at,3581
1973,03,bo,5498
1973,03,ch,4868
1973,03,cl,4940
1973,03,da,5247
1973,03,kc,5056
1973,03,mi,4556
1973,03,ny,4707
1973,03,ph,3417
1973,03,ri,3377
1973,03,sf,3900
1973,03,sl,4366
1973,03,su,4118
1973,04,at,4120
1973,04,bo,4020
1973,04,ch,4956
1973,04,cl,4217
1973,04,da,5040
1973,04,kc,5967
1973,04,mi,4615
1973,04,ny,5911
1973,04,ph,2935
1973,04,ri,3543
1973,04,sf,3794
1973,04,sl,3545
1973,04,su,4539
1973,05,at,4516
1973,05,bo,4958
1973,05,ch,5487
1973,05,cl,4818
1973,05,da,5487
1973,05,kc,4666
1973,05,mi,5335
1973,05,ny,5908
1973,05,ph,3304
1973,05,ri,3442
1973,05,sf,4083
1973,05,sl,3737
1973,05,su,3803
1973,06,at,5659
1973,06,bo,4353
1973,06,ch,5254
1973,06,cl,4490
1973,06,da,5314
1973,06,kc,5780
1973,06,mi,5826
1973,06,ny,4861
1973,06,ph,3047
1973,06,ri,3937
1973,06,sf,3691
1973,06,sl,3365
1973,06,su,5881
1973,07,at,4133
1973,07,bo,4508
1973,07,ch,4576
1973,07,cl,3591
1973,07,da,5387
1973,07,kc,5441
1973,07,mi,5868
1973,07,ny,3724
1973,07,ph,3070
1973,07,ri,4160
1973,07,sf,4356
1973,07,sl,4312
1973,07,su,4937
1973,08,at,3595
1973,08,bo,4252
1973,08,ch,5200
1973,08,cl,5871
1973,08,da,4222
1973,08,kc,3864
1973,08,mi,3982
1973,08,ny,6734
1973,08,ph,3484
1973,08,ri,3333
1973,08,sf,4095
1973,08,sl,4805
1973,08,su,4210
1973,09,at,4611
1973,09,bo,5175
1973,09,ch,5292
1973,09,cl,5473
1973,09,da,4278
1973,09,kc,6030
1973,09,mi,3693
1973,09,ny,4809
1973,09,ph,3214
1973,09,ri,3604
1973,09,sf,3907
1973,09,sl,3875
1973,09,su,3978
1973,10,at,5209
1973,10,bo,5879
1973,10,ch,5234
1973,10,cl,5512
1973,10,da,3381
1973,10,kc,5184
1973,10,mi,5284
1973,10,ny,4036
1973,10,ph,2868
1973,10,ri,4249
1973,10,sf,4076
1973,10,sl,4037
1973,10,su,6049
1973,11,at,5531
1973,11,bo,4540
1973,11,ch,4982
1973,11,cl,3878
1973,11,da,4368
1973,11,kc,5223
1973,11,mi,4584
1973,11,ny,4749
1973,11,ph,3138
1973,11,ri,3861
1973,11,sf,4451
1973,11,sl,4072
1973,11,su,4786
1973,12,at,5302
1973,12,bo,4893
1973,12,ch,4633
1973,12,cl,5045
1973,12,da,3820
1973,12,kc,5695
1973,12,mi,5520
1973,12,ny,4829
1973,12,ph,3340
1973,12,ri,3574
1973,12,sf,4108
1973,12,sl,2717
1973,12,su,4483
1974,01,at,5100
1974,01,bo,4947
1974,01,ch,5357
1974,01,cl,5295
1974,01,da,3142
1974,01,kc,4560
1974,01,mi,4780
1974,01,ny,5404
1974,01,ph,2841
1974,01,ri,2986
1974,01,sf,4412
1974,01,sl,2730
1974,01,su,5664
1974,02,at,5100
1974,02,bo,5066
1974,02,ch,4869
1974,02,cl,5973
1974,02,da,3204
1974,02,kc,5407
1974,02,mi,5174
1974,02,ny,4666
1974,02,ph,3496
1974,02,ri,4021
1974,02,sf,3920
1974,02,sl,3783
1974,02,su,3704
1974,03,at,4671
1974,03,bo,5110
1974,03,ch,5019
1974,03,cl,3783
1974,03,da,3931
1974,03,kc,5088
1974,03,mi,4655
1974,03,ny,5648
1974,03,ph,3367
1974,03,ri,3789
1974,03,sf,4070
1974,03,sl,3141
1974,03,su,4426
1974,04,at,5300
1974,04,bo,5073
1974,04,ch,4425
1974,04,cl,5242
1974,04,da,4105
1974,04,kc,5370
1974,04,mi,4884
1974,04,ny,3916
1974,04,ph,3682
1974,04,ri,3837
1974,04,sf,4623
1974,04,sl,3823
1974,04,su,5046
1974,05,at,5911
1974,05,bo,5399
1974,05,ch,4941
1974,05,cl,6475
1974,05,da,5400
1974,05,kc,5322
1974,05,mi,4875
1974,05,ny,5339
1974,05,ph,3358
1974,05,ri,5056
1974,05,sf,4278
1974,05,sl,3376
1974,05,su,5813
1974,06,at,6287
1974,06,bo,4874
1974,06,ch,5320
1974,06,cl,6561
1974,06,da,3309
1974,06,kc,5182
1974,06,mi,5551
1974,06,ny,5122
1974,06,ph,3923
1974,06,ri,4567
1974,06,sf,4604
1974,06,sl,6216
1974,06,su,5164
1974,07,at,5737
1974,07,bo,4608
1974,07,ch,5150
1974,07,cl,7023
1974,07,da,5284
1974,07,kc,5599
1974,07,mi,4818
1974,07,ny,3882
1974,07,ph,4932
1974,07,ri,4880
1974,07,sf,3734
1974,07,sl,3226
1974,07,su,6733
1974,08,at,5457
1974,08,bo,5215
1974,08,ch,4952
1974,08,cl,5314
1974,08,da,5126
1974,08,kc,4509
1974,08,mi,4993
1974,08,ny,5263
1974,08,ph,4076
1974,08,ri,5657
1974,08,sf,5005
1974,08,sl,2716
1974,08,su,4205
1974,09,at,3858
1974,09,bo,5342
1974,09,ch,5223
1974,09,cl,6374
1974,09,da,5542
1974,09,kc,4705
1974,09,mi,4834
1974,09,ny,5097
1974,09,ph,4016
1974,09,ri,5005
1974,09,sf,4432
1974,09,sl,4028
1974,09,su,4239
1974,10,at,4717
1974,10,bo,3437
1974,10,ch,4364
1974,10,cl,5081
1974,10,da,5099
1974,10,kc,5624
1974,10,mi,5361
1974,10,ny,4354
1974,10,ph,3659
1974,10,ri,5741
1974,10,sf,4460
1974,10,sl,3143
1974,10,su,5102
1974,11,at,7046
1974,11,bo,3828
1974,11,ch,5128
1974,11,cl,5372
1974,11,da,4947
1974,11,kc,5685
1974,11,mi,5502
1974,11,ny,4207
1974,11,ph,3847
1974,11,ri,4748
1974,11,sf,4562
1974,11,sl,2633
1974,11,su,6099
1974,12,at,6194
1974,12,bo,5214
1974,12,ch,5313
1974,12,cl,5847
1974,12,da,5296
1974,12,kc,4938
1974,12,mi,5168
1974,12,ny,4767
1974,12,ph,3870
1974,12,ri,5622
1974,12,sf,3447
1974,12,sl,4072
1974,12,su,5234
1975,01,at,5820
1975,01,bo,5774
1975,01,ch,6001
1975,01,cl,6148
1975,01,da,4492
1975,01,kc,5748
1975,01,mi,4729
1975,01,ny,5226
1975,01,ph,4353
1975,01,ri,5380
1975,01,sf,4924
1975,01,sl,5274
1975,01,su,6253
1975,02,at,6162
1975,02,bo,6402
1975,02,ch,4867
1975,02,cl,6483
1975,02,da,5514
1975,02,kc,4700
1975,02,mi,5672
1975,02,ny,5027
1975,02,ph,4542
1975,02,ri,5557
1975,02,sf,4025
1975,02,sl,3561
1975,02,su,4723
1975,03,at,6211
1975,03,bo,5973
1975,03,ch,5968
1975,03,cl,5521
1975,03,da,4775
1975,03,kc,6137
1975,03,mi,4847
1975,03,ny,6362
1975,03,ph,4728
1975,03,ri,5621
1975,03,sf,4143
1975,03,sl,4731
1975,03,su,5520
1975,04,at,6726
1975,04,bo,6154
1975,04,ch,6363
1975,04,cl,6488
1975,04,da,5291
1975,04,kc,4352
1975,04,mi,4471
1975,04,ny,6298
1975,04,ph,4499
1975,04,ri,6066
1975,04,sf,4880
1975,04,sl,4828
1975,04,su,5846
1975,05,at,5214
1975,05,bo,5400
1975,05,ch,5601
1975,05,cl,6196
1975,05,da,5464
1975,05,kc,5591
1975,05,mi,4982
1975,05,ny,3662
1975,05,ph,4672
1975,05,ri,6148
1975,05,sf,4246
1975,05,sl,3502
1975,05,su,5160
1975,06,at,5715
1975,06,bo,5005
1975,06,ch,5149
1975,06,cl,5704
1975,06,da,5991
1975,06,kc,4754
1975,06,mi,4866
1975,06,ny,4855
1975,06,ph,5676
1975,06,ri,5632
1975,06,sf,4694
1975,06,sl,4224
1975,06,su,4800
1975,07,at,5813
1975,07,bo,4778
1975,07,ch,5297
1975,07,cl,6245
1975,07,da,4840
1975,07,kc,5326
1975,07,mi,4262
1975,07,ny,4794
1975,07,ph,5647
1975,07,ri,6066
1975,07,sf,3825
1975,07,sl,3728
1975,07,su,4707
1975,08,at,5525
1975,08,bo,5350
1975,08,ch,4867
1975,08,cl,7625
1975,08,da,5048
1975,08,kc,5663
1975,08,mi,3158
1975,08,ny,4390
1975,08,ph,5413
1975,08,ri,5573
1975,08,sf,4433
1975,08,sl,3768
1975,08,su,4947
1975,09,at,6416
1975,09,bo,4807
1975,09,ch,5155
1975,09,cl,7274
1975,09,da,5202
1975,09,kc,5426
1975,09,mi,4072
1975,09,ny,5446
1975,09,ph,5613
1975,09,ri,5977
1975,09,sf,3491
1975,09,sl,3914
1975,09,su,4856
1975,10,at,6209
1975,10,bo,5895
1975,10,ch,5439
1975,10,cl,5267
1975,10,da,5415
1975,10,kc,4176
1975,10,mi,4077
1975,10,ny,4589
1975,10,ph,5415
1975,10,ri,5584
1975,10,sf,3846
1975,10,sl,3563
1975,10,su,4799
1975,11,at,6056
1975,11,bo,6131
1975,11,ch,5233
1975,11,cl,5760
1975,11,da,5825
1975,11,kc,5106
1975,11,mi,5283
1975,11,ny,4048
1975,11,ph,5623
1975,11,ri,5285
1975,11,sf,4699
1975,11,sl,4518
1975,11,su,4872
1975,12,at,6410
1975,12,bo,6331
1975,12,ch,5177
1975,12,cl,5689
1975,12,da,5696
1975,12,kc,4156
1975,12,mi,5210
1975,12,ny,5957
1975,12,ph,4897
1975,12,ri,5793
1975,12,sf,3973
1975,12,sl,4143
1975,12,su,4910
1976,01,at,5858
1976,01,bo,4877
1976,01,ch,4845
1976,01,cl,4648
1976,01,da,5363
1976,01,kc,4697
1976,01,mi,4351
1976,01,ny,5328
1976,01,ph,5106
1976,01,ri,5026
1976,01,sf,4232
1976,01,sl,3562
1976,01,su,6762
1976,02,at,7008
1976,02,bo,5790
1976,02,ch,5438
1976,02,cl,5884
1976,02,da,5093
1976,02,kc,4970
1976,02,mi,4811
1976,02,ny,5079
1976,02,ph,5596
1976,02,ri,5213
1976,02,sf,4344
1976,02,sl,4370
1976,02,su,6293
1976,03,at,5995
1976,03,bo,5410
1976,03,ch,5301
1976,03,cl,6186
1976,03,da,5633
1976,03,kc,5902
1976,03,mi,4809
1976,03,ny,6387
1976,03,ph,5377
1976,03,ri,4541
1976,03,sf,4220
1976,03,sl,4727
1976,03,su,4778
1976,04,at,4866
1976,04,bo,3814
1976,04,ch,4826
1976,04,cl,7064
1976,04,da,5717
1976,04,kc,4397
1976,04,mi,3627
1976,04,ny,6819
1976,04,ph,5822
1976,04,ri,4969
1976,04,sf,4367
1976,04,sl,4617
1976,04,su,4735
1976,05,at,4840
1976,05,bo,4303
1976,05,ch,6061
1976,05,cl,5788
1976,05,da,4169
1976,05,kc,5022
1976,05,mi,4675
1976,05,ny,5639
1976,05,ph,5786
1976,05,ri,5644
1976,05,sf,4715
1976,05,sl,4968
1976,05,su,5275
1976,06,at,6121
1976,06,bo,4434
1976,06,ch,4923
1976,06,cl,8840
1976,06,da,7421
1976,06,kc,7274
1976,06,mi,5562
1976,06,ny,5857
1976,06,ph,7859
1976,06,ri,6481
1976,06,sf,4056
1976,06,sl,5017
1976,06,su,6015
1976,07,at,5948
1976,07,bo,4794
1976,07,ch,6047
1976,07,cl,6880
1976,07,da,5582
1976,07,kc,5167
1976,07,mi,5483
1976,07,ny,6453
1976,07,ph,5837
1976,07,ri,5871
1976,07,sf,4259
1976,07,sl,5210
1976,07,su,4888
1976,08,at,5269
1976,08,bo,4063
1976,08,ch,5024
1976,08,cl,6464
1976,08,da,5710
1976,08,kc,5590
1976,08,mi,5371
1976,08,ny,5688
1976,08,ph,5784
1976,08,ri,5527
1976,08,sf,4439
1976,08,sl,5168
1976,08,su,5279
1976,09,at,5122
1976,09,bo,3739
1976,09,ch,5154
1976,09,cl,6868
1976,09,da,4983
1976,09,kc,5079
1976,09,mi,3568
1976,09,ny,6021
1976,09,ph,6041
1976,09,ri,4965
1976,09,sf,4156
1976,09,sl,4652
1976,09,su,4979
1976,10,at,6997
1976,10,bo,4521
1976,10,ch,5484
1976,10,cl,6324
1976,10,da,5578
1976,10,kc,6135
1976,10,mi,5433
1976,10,ny,7158
1976,10,ph,5771
1976,10,ri,4611
1976,10,sf,4719
1976,10,sl,5097
1976,10,su,5771
1976,11,at,6178
1976,11,bo,4618
1976,11,ch,5027
1976,11,cl,5449
1976,11,da,5432
1976,11,kc,5977
1976,11,mi,4918
1976,11,ny,6454
1976,11,ph,5407
1976,11,ri,5054
1976,11,sf,4775
1976,11,sl,4937
1976,11,su,6397
1976,12,at,6046
1976,12,bo,5041
1976,12,ch,6519
1976,12,cl,6407
1976,12,da,5759
1976,12,kc,4985
1976,12,mi,4503
1976,12,ny,4524
1976,12,ph,6264
1976,12,ri,4845
1976,12,sf,4021
1976,12,sl,5248
1976,12,su,4737
1977,01,at,5164
1977,01,bo,4208
1977,01,ch,5072
1977,01,cl,6214
1977,01,da,4357
1977,01,kc,5537
1977,01,mi,5128
1977,01,ny,5533
1977,01,ph,4384
1977,01,ri,4813
1977,01,sf,4949
1977,01,sl,5213
1977,01,su,6618
1977,02,at,5288
1977,02,bo,5736
1977,02,ch,5003
1977,02,cl,6881
1977,02,da,6101
1977,02,kc,5368
1977,02,mi,5069
1977,02,ny,5826
1977,02,ph,5767
1977,02,ri,4650
1977,02,sf,5019
1977,02,sl,4447
1977,02,su,7103
1977,03,at,6081
1977,03,bo,6472
1977,03,ch,5894
1977,03,cl,7794
1977,03,da,6020
1977,03,kc,5715
1977,03,mi,4481
1977,03,ny,5722
1977,03,ph,5667
1977,03,ri,4649
1977,03,sf,5345
1977,03,sl,4328
1977,03,su,5844
1977,04,at,7437
1977,04,bo,5734
1977,04,ch,5473
1977,04,cl,6763
1977,04,da,5570
1977,04,kc,5447
1977,04,mi,4250
1977,04,ny,5915
1977,04,ph,6235
1977,04,ri,4737
1977,04,sf,4600
1977,04,sl,4858
1977,04,su,6737
1977,05,at,7230
1977,05,bo,5486
1977,05,ch,5545
1977,05,cl,9499
1977,05,da,5815
1977,05,kc,4209
1977,05,mi,5229
1977,05,ny,5089
1977,05,ph,6020
1977,05,ri,5215
1977,05,sf,6221
1977,05,sl,4924
1977,05,su,5021
1977,06,at,6383
1977,06,bo,5640
1977,06,ch,5538
1977,06,cl,9174
1977,06,da,4671
1977,06,kc,4873
1977,06,mi,4154
1977,06,ny,5626
1977,06,ph,5901
1977,06,ri,5229
1977,06,sf,4839
1977,06,sl,6067
1977,06,su,6536
1977,07,at,6758
1977,07,bo,5100
1977,07,ch,5481
1977,07,cl,5127
1977,07,da,5567
1977,07,kc,4723
1977,07,mi,4575
1977,07,ny,5411
1977,07,ph,5396
1977,07,ri,4843
1977,07,sf,5255
1977,07,sl,5460
1977,07,su,5248
1977,08,at,5672
1977,08,bo,4921
1977,08,ch,5412
1977,08,cl,6815
1977,08,da,5501
1977,08,kc,5654
1977,08,mi,5230
1977,08,ny,6100
1977,08,ph,5913
1977,08,ri,4894
1977,08,sf,5150
1977,08,sl,4737
1977,08,su,6635
1977,09,at,6384
1977,09,bo,6234
1977,09,ch,5308
1977,09,cl,7721
1977,09,da,5417
1977,09,kc,4774
1977,09,mi,4146
1977,09,ny,5386
1977,09,ph,5538
1977,09,ri,5379
1977,09,sf,4474
1977,09,sl,4614
1977,09,su,6387
1977,10,at,5570
1977,10,bo,3854
1977,10,ch,5275
1977,10,cl,7160
1977,10,da,5598
1977,10,kc,5214
1977,10,mi,3542
1977,10,ny,5303
1977,10,ph,5359
1977,10,ri,5205
1977,10,sf,4979
1977,10,sl,3654
1977,10,su,5696
1977,11,at,6188
1977,11,bo,5130
1977,11,ch,5709
1977,11,cl,6618
1977,11,da,5044
1977,11,kc,4796
1977,11,mi,4082
1977,11,ny,5168
1977,11,ph,4994
1977,11,ri,4880
1977,11,sf,5693
1977,11,sl,4719
1977,11,su,4511
1977,12,at,4615
1977,12,bo,5284
1977,12,ch,5491
1977,12,cl,7054
1977,12,da,5576
1977,12,kc,5041
1977,12,mi,3500
1977,12,ny,5181
1977,12,ph,5414
1977,12,ri,5836
1977,12,sf,5227
1977,12,sl,4266
1977,12,su,5513
1978,01,at,5242
1978,01,bo,5479
1978,01,ch,5604
1978,01,cl,6777
1978,01,da,5362
1978,01,kc,5150
1978,01,mi,4815
1978,01,ny,4898
1978,01,ph,5410
1978,01,ri,4856
1978,01,sf,5564
1978,01,sl,3887
1978,01,su,5904
1978,02,at,7364
1978,02,bo,6131
1978,02,ch,6570
1978,02,cl,6616
1978,02,da,3230
1978,02,kc,5684
1978,02,mi,4572
1978,02,ny,5344
1978,02,ph,5829
1978,02,ri,5477
1978,02,sf,5183
1978,02,sl,5423
1978,02,su,8876
1978,03,at,5787
1978,03,bo,6413
1978,03,ch,5434
1978,03,cl,7499
1978,03,da,5498
1978,03,kc,5653
1978,03,mi,4156
1978,03,ny,4033
1978,03,ph,5218
1978,03,ri,4250
1978,03,sf,5019
1978,03,sl,5326
1978,03,su,6737
1978,04,at,6763
1978,04,bo,5715
1978,04,ch,5364
1978,04,cl,5973
1978,04,da,5649
1978,04,kc,5441
1978,04,mi,4400
1978,04,ny,5081
1978,04,ph,5479
1978,04,ri,4638
1978,04,sf,3787
1978,04,sl,4948
1978,04,su,4068
1978,05,at,4921
1978,05,bo,5087
1978,05,ch,4528
1978,05,cl,5825
1978,05,da,5261
1978,05,kc,4588
1978,05,mi,4344
1978,05,ny,5283
1978,05,ph,4532
1978,05,ri,4810
1978,05,sf,4124
1978,05,sl,5345
1978,05,su,4962
1978,06,at,6135
1978,06,bo,5487
1978,06,ch,6296
1978,06,cl,6889
1978,06,da,5543
1978,06,kc,5699
1978,06,mi,4369
1978,06,ny,4757
1978,06,ph,6139
1978,06,ri,5163
1978,06,sf,5203
1978,06,sl,4789
1978,06,su,4756
1978,07,at,4230
1978,07,bo,4477
1978,07,ch,5437
1978,07,cl,6161
1978,07,da,5146
1978,07,kc,4964
1978,07,mi,3599
1978,07,ny,5114
1978,07,ph,5696
1978,07,ri,5664
1978,07,sf,4309
1978,07,sl,4118
1978,07,su,5039
1978,08,at,5274
1978,08,bo,4497
1978,08,ch,5561
1978,08,cl,5037
1978,08,da,4935
1978,08,kc,5456
1978,08,mi,4525
1978,08,ny,5038
1978,08,ph,5167
1978,08,ri,5059
1978,08,sf,4924
1978,08,sl,4601
1978,08,su,6168
1978,09,at,4148
1978,09,bo,5964
1978,09,ch,5374
1978,09,cl,5420
1978,09,da,4880
1978,09,kc,5653
1978,09,mi,4611
1978,09,ny,5325
1978,09,ph,4904
1978,09,ri,5235
1978,09,sf,3904
1978,09,sl,4915
1978,09,su,3342
1978,10,at,6218
1978,10,bo,6266
1978,10,ch,5501
1978,10,cl,5181
1978,10,da,4971
1978,10,kc,5554
1978,10,mi,3255
1978,10,ny,4913
1978,10,ph,5165
1978,10,ri,4430
1978,10,sf,5481
1978,10,sl,3958
1978,10,su,6181
1978,11,at,6351
1978,11,bo,5079
1978,11,ch,5640
1978,11,cl,6976
1978,11,da,4469
1978,11,kc,5460
1978,11,mi,4744
1978,11,ny,4770
1978,11,ph,4633
1978,11,ri,5327
1978,11,sf,4547
1978,11,sl,4261
1978,11,su,5083
1978,12,at,5807
1978,12,bo,4525
1978,12,ch,5553
1978,12,cl,6869
1978,12,da,4522
1978,12,kc,5411
1978,12,mi,3820
1978,12,ny,3928
1978,12,ph,6376
1978,12,ri,4680
1978,12,sf,5249
1978,12,sl,4022
1978,12,su,4510
1979,01,at,6308
1979,01,bo,6420
1979,01,ch,5797
1979,01,cl,7127
1979,01,da,4709
1979,01,kc,5526
1979,01,mi,4692
1979,01,ny,4362
1979,01,ph,4717
1979,01,ri,4695
1979,01,sf,4763
1979,01,sl,4600
1979,01,su,5081
1979,03,at,6152
1979,03,bo,6618
1979,03,ch,5526
1979,03,cl,7702
1979,03,da,4145
1979,03,kc,5206
1979,03,mi,3998
1979,03,ny,4794
1979,03,ph,4258
1979,03,ri,4670
1979,03,sf,6049
1979,03,sl,4364
1979,03,su,4141
1979,04,at,7110
1979,04,bo,5860
1979,04,ch,5426
1979,04,cl,6262
1979,04,da,5391
1979,04,kc,5299
1979,04,mi,3107
1979,04,ny,4702
1979,04,ph,4587
1979,04,ri,4800
1979,04,sf,4812
1979,04,sl,4686
1979,04,su,5192
1979,05,at,7488
1979,05,bo,5013
1979,05,ch,7248
1979,05,cl,6900
1979,05,da,5902
1979,05,kc,5402
1979,05,mi,3935
1979,05,ny,4555
1979,05,ph,4852
1979,05,ri,4377
1979,05,sf,3820
1979,05,sl,4697
1979,05,su,5138
1979,07,at,5419
1979,07,bo,6449
1979,07,ch,6262
1979,07,cl,6896
1979,07,da,5094
1979,07,kc,5228
1979,07,mi,4313
1979,07,ny,5096
1979,07,ph,7181
1979,07,ri,5849
1979,07,sf,5217
1979,07,sl,4646
1979,07,su,7981
1979,08,at,4735
1979,08,bo,5388
1979,08,ch,5568
1979,08,cl,5820
1979,08,da,5750
1979,08,kc,5675
1979,08,mi,4072
1979,08,ny,4543
1979,08,ph,4458
1979,08,ri,5580
1979,08,sf,4180
1979,08,sl,5375
1979,08,su,4392
1979,09,at,5246
1979,09,bo,4548
1979,09,ch,6443
1979,09,cl,6427
1979,09,da,5274
1979,09,kc,5459
1979,09,mi,3561
1979,09,ny,4845
1979,09,ph,4111
1979,09,ri,5167
1979,09,sf,3914
1979,09,sl,5015
1979,09,su,5026
1979,10,at,4982
1979,10,bo,6391
1979,10,ch,5568
1979,10,cl,6032
1979,10,da,4871
1979,10,kc,5469
1979,10,mi,3736
1979,10,ny,3983
1979,10,ph,5682
1979,10,ri,4418
1979,10,sf,5191
1979,10,sl,2866
1979,10,su,6525
1979,11,at,6300
1979,11,bo,8392
1979,11,ch,6977
1979,11,cl,6988
1979,11,da,4094
1979,11,kc,5437
1979,11,mi,3752
1979,11,ny,4728
1979,11,ph,4523
1979,11,ri,5564
1979,11,sf,5620
1979,11,sl,3770
1979,11,su,5095
1980,01,at,6087
1980,01,bo,6688
1980,01,ch,6144
1980,01,cl,6934
1980,01,da,4654
1980,01,kc,5077
1980,01,mi,3965
1980,01,ny,5087
1980,01,ph,4590
1980,01,ri,4895
1980,01,sf,5662
1980,01,sl,4795
1980,01,su,5593
1980,03,at,4994
1980,03,bo,6067
1980,03,ch,6560
1980,03,cl,6294
1980,03,da,4591
1980,03,kc,5400
1980,03,mi,3656
1980,03,ny,4649
1980,03,ph,3665
1980,03,ri,5323
1980,03,sf,6277
1980,03,sl,3804
1980,03,su,5879
1980,04,at,4803
1980,04,bo,5455
1980,04,ch,6670
1980,04,cl,6515
1980,04,da,4565
1980,04,kc,5166
1980,04,mi,3915
1980,04,ny,4563
1980,04,ph,4568
1980,04,ri,4772
1980,04,sf,6616
1980,04,sl,4378
1980,04,su,5414
1980,05,at,5521
1980,05,bo,5070
1980,05,ch,6933
1980,05,cl,6764
1980,05,da,4478
1980,05,kc,5152
1980,05,mi,3147
1980,05,ny,5375
1980,05,ph,3873
1980,05,ri,4986
1980,05,sf,4598
1980,05,sl,4947
1980,05,su,5912
1980,07,at,4764
1980,07,bo,4675
1980,07,ch,5698
1980,07,cl,6831
1980,07,da,5511
1980,07,kc,5460
1980,07,mi,3064
1980,07,ny,4973
1980,07,ph,5025
1980,07,ri,3886
1980,07,sf,5150
1980,07,sl,4294
1980,07,su,5674
1980,08,at,5372
1980,08,bo,4247
1980,08,ch,5855
1980,08,cl,6517
1980,08,da,5737
1980,08,kc,4865
1980,08,mi,3547
1980,08,ny,4961
1980,08,ph,5491
1980,08,ri,4343
1980,08,sf,4722
1980,08,sl,4802
1980,08,su,4076
1980,09,at,5479
1980,09,bo,4859
1980,09,ch,6448
1980,09,cl,7186
1980,09,da,5189
1980,09,kc,5205
1980,09,mi,3491
1980,09,ny,6973
1980,09,ph,4426
1980,09,ri,4898
1980,09,sf,4951
1980,09,sl,4385
1980,09,su,5675
1980,10,at,4327
1980,10,bo,4542
1980,10,ch,5899
1980,10,cl,5608
1980,10,da,5093
1980,10,kc,5348
1980,10,mi,3552
1980,10,ny,5976
1980,10,ph,5208
1980,10,ri,4467
1980,10,sf,4884
1980,10,sl,4797
1980,10,su,6156
1980,11,at,4795
1980,11,bo,5133
1980,11,ch,5975
1980,11,cl,7309
1980,11,da,4075
1980,11,kc,5017
1980,11,mi,2338
1980,11,ny,6748
1980,11,ph,4943
1980,11,ri,3854
1980,11,sf,4442
1980,11,sl,4631
1980,11,su,6606
1980,12,at,4135
1980,12,bo,3720
1980,12,ch,4328
1980,12,cl,6842
1980,12,da,4130
1980,12,kc,4531
1980,12,mi,2518
1980,12,ny,6819
1980,12,ph,4934
1980,12,ri,4404
1980,12,sf,4154
1980,12,sl,4988
1980,12,su,5098
1981,01,at,4686
1981,01,bo,6029
1981,01,ch,6392
1981,01,cl,6237
1981,01,da,4368
1981,01,kc,5331
1981,01,mi,3666
1981,01,ny,6314
1981,01,ph,5396
1981,01,ri,4247
1981,01,sf,3395
1981,01,sl,4283
1981,01,su,3378
1981,03,at,3653
1981,03,bo,5412
1981,03,ch,6764
1981,03,cl,5485
1981,03,da,4118
1981,03,kc,5248
1981,03,mi,2809
1981,03,ny,6309
1981,03,ph,8438
1981,03,ri,3913
1981,03,sf,4255
1981,03,sl,4327
1981,03,su,4478
1981,05,at,4686
1981,05,bo,5189
1981,05,ch,5824
1981,05,cl,5588
1981,05,da,4794
1981,05,kc,4853
1981,05,mi,4501
1981,05,ny,5208
1981,05,ph,6394
1981,05,ri,4809
1981,05,sf,4496
1981,05,sl,5347
1981,05,su,4540
1981,06,at,5336
1981,06,bo,5688
1981,06,ch,5615
1981,06,cl,6147
1981,06,da,5209
1981,06,kc,4815
1981,06,mi,4439
1981,06,ny,6472
1981,06,ph,5691
1981,06,ri,4420
1981,06,sf,4735
1981,06,sl,4320
1981,06,su,5310
1981,08,at,4841
1981,08,bo,5814
1981,08,ch,6377
1981,08,cl,5720
1981,08,da,5141
1981,08,kc,5211
1981,08,mi,5367
1981,08,ny,5599
1981,08,ph,6141
1981,08,ri,4822
1981,08,sf,5117
1981,08,sl,4791
1981,08,su,6218
1981,09,at,5643
1981,09,bo,5794
1981,09,ch,6228
1981,09,cl,6774
1981,09,da,4927
1981,09,kc,4405
1981,09,mi,3431
1981,09,ny,6655
1981,09,ph,5240
1981,09,ri,4292
1981,09,sf,4537
1981,09,sl,4702
1981,09,su,5543
1981,11,at,6429
1981,11,bo,7237
1981,11,ch,6325
1981,11,cl,7279
1981,11,da,4316
1981,11,kc,4434
1981,11,mi,4730
1981,11,ny,6073
1981,11,ph,6693
1981,11,ri,4692
1981,11,sf,5072
1981,11,sl,4583
1981,11,su,4769
1981,12,at,4527
1981,12,bo,7788
1981,12,ch,6111
1981,12,cl,6756
1981,12,da,4498
1981,12,kc,5376
1981,12,mi,4604
1981,12,ny,6712
1981,12,ph,6236
1981,12,ri,4086
1981,12,sf,5447
1981,12,sl,3964
1981,12,su,4977
1982,01,at,5734
1982,01,bo,8783
1982,01,ch,5111
1982,01,cl,7103
1982,01,da,3949
1982,01,kc,4129
1982,01,mi,5317
1982,01,ny,6683
1982,01,ph,6152
1982,01,ri,3487
1982,01,sf,6061
1982,01,sl,4280
1982,01,su,6014
1982,03,at,6232
1982,03,bo,7814
1982,03,ch,5867
1982,03,cl,6530
1982,03,da,4926
1982,03,kc,3647
1982,03,mi,5566
1982,03,ny,6362
1982,03,ph,6178
1982,03,ri,4121
1982,03,sf,4810
1982,03,sl,4002
1982,03,su,8027
1982,05,at,6148
1982,05,bo,7595
1982,05,ch,6410
1982,05,cl,5134
1982,05,da,4605
1982,05,kc,4494
1982,05,mi,6496
1982,05,ny,6612
1982,05,ph,5819
1982,05,ri,4110
1982,05,sf,5946
1982,05,sl,4182
1982,05,su,5671
1982,06,at,6729
1982,06,bo,6674
1982,06,ch,6257
1982,06,cl,4800
1982,06,da,6444
1982,06,kc,4725
1982,06,mi,7119
1982,06,ny,7892
1982,06,ph,5419
1982,06,ri,3708
1982,06,sf,4992
1982,06,sl,4446
1982,06,su,6769
1982,08,at,6896
1982,08,bo,7496
1982,08,ch,6399
1982,08,cl,5944
1982,08,da,4424
1982,08,kc,4730
1982,08,mi,6493
1982,08,ny,5707
1982,08,ph,6924
1982,08,ri,4727
1982,08,sf,6195
1982,08,sl,3916
1982,08,su,5980
1982,09,at,8118
1982,09,bo,6616
1982,09,ch,5997
1982,09,cl,4727
1982,09,da,4857
1982,09,kc,5083
1982,09,mi,7942
1982,09,ny,7281
1982,09,ph,6380
1982,09,ri,4883
1982,09,sf,5863
1982,09,sl,4231
1982,09,su,5845
1982,11,at,7932
1982,11,bo,6928
1982,11,ch,6688
1982,11,cl,6208
1982,11,da,4942
1982,11,kc,4226
1982,11,mi,6718
1982,11,ny,5850
1982,11,ph,5969
1982,11,ri,4692
1982,11,sf,4875
1982,11,sl,4021
1982,11,su,5925
1982,12,at,7833
1982,12,bo,6754
1982,12,ch,6231
1982,12,cl,6920
1982,12,da,5036
1982,12,kc,5382
1982,12,mi,8664
1982,12,ny,5933
1982,12,ph,6171
1982,12,ri,4360
1982,12,sf,6543
1982,12,sl,4541
1982,12,su,6191
1983,02,at,5820
1983,02,bo,6356
1983,02,ch,6328
1983,02,cl,7110
1983,02,da,4114
1983,02,kc,5186
1983,02,mi,7516
1983,02,ny,7886
1983,02,ph,5297
1983,02,ri,3665
1983,02,sf,4903
1983,02,sl,4698
1983,02,su,5714
1983,03,at,7787
1983,03,bo,6785
1983,03,ch,5643
1983,03,cl,7004
1983,03,da,4872
1983,03,kc,5164
1983,03,mi,7965
1983,03,ny,6335
1983,03,ph,5916
1983,03,ri,4108
1983,03,sf,5679
1983,03,sl,4655
1983,03,su,6539
1983,05,at,6873
1983,05,bo,8296
1983,05,ch,4971
1983,05,cl,7061
1983,05,da,5134
1983,05,kc,5005
1983,05,mi,6776
1983,05,ny,9710
1983,05,ph,6690
1983,05,ri,4694
1983,05,sf,6580
1983,05,sl,4891
1983,05,su,6127
1983,07,at,7120
1983,07,bo,5393
1983,07,ch,6811
1983,07,cl,6705
1983,07,da,4686
1983,07,kc,4717
1983,07,mi,6692
1983,07,ny,6871
1983,07,ph,6310
1983,07,ri,3891
1983,07,sf,6300
1983,07,sl,4047
1983,07,su,5474
1983,08,at,7890
1983,08,bo,4945
1983,08,ch,6830
1983,08,cl,6123
1983,08,da,4488
1983,08,kc,4817
1983,08,mi,6247
1983,08,ny,4605
1983,08,ph,7949
1983,08,ri,4047
1983,08,sf,6915
1983,08,sl,4052
1983,08,su,5464
1983,09,at,6843
1983,09,bo,3536
1983,09,ch,7035
1983,09,cl,4923
1983,09,da,4396
1983,09,kc,4845
1983,09,mi,5308
1983,09,ny,5423
1983,09,ph,6414
1983,09,ri,4618
1983,09,sf,7295
1983,09,sl,4309
1983,09,su,4665
1983,11,at,7075
1983,11,bo,4318
1983,11,ch,6464
1983,11,cl,6550
1983,11,da,4847
1983,11,kc,5682
1983,11,mi,5220
1983,11,ny,5193
1983,11,ph,6339
1983,11,ri,4138
1983,11,sf,4430
1983,11,sl,4607
1983,11,su,5113
1983,12,at,6960
1983,12,bo,4536
1983,12,ch,7000
1983,12,cl,6167
1983,12,da,4442
1983,12,kc,5339
1983,12,mi,4857
1983,12,ny,5176
1983,12,ph,6409
1983,12,ri,3866
1983,12,sf,5108
1983,12,sl,4982
1983,12,su,4308
1984,01,at,8082
1984,01,bo,4088
1984,01,ch,6958
1984,01,cl,6607
1984,01,da,4909
1984,01,kc,4419
1984,01,mi,4458
1984,01,ny,5209
1984,01,ph,5257
1984,01,ri,3716
1984,01,sf,5744
1984,01,sl,3555
1984,01,su,3713
1984,03,at,5839
1984,03,bo,4211
1984,03,ch,7104
1984,03,cl,6428
1984,03,da,4751
1984,03,kc,5440
1984,03,mi,5065
1984,03,ny,4399
1984,03,ph,7045
1984,03,ri,4402
1984,03,sf,7024
1984,03,sl,4069
1984,03,su,6273
1984,05,at,7307
1984,05,bo,4017
1984,05,ch,4754
1984,05,cl,5085
1984,05,da,4658
1984,05,kc,5738
1984,05,mi,4282
1984,05,ny,4592
1984,05,ph,6583
1984,05,ri,4489
1984,05,sf,5769
1984,05,sl,3935
1984,05,su,5707
1984,06,at,7394
1984,06,bo,3989
1984,06,ch,7707
1984,06,cl,5958
1984,06,da,4620
1984,06,kc,5712
1984,06,mi,5270
1984,06,ny,4056
1984,06,ph,5862
1984,06,ri,4567
1984,06,sf,7245
1984,06,sl,4552
1984,06,su,6573
1984,08,at,5170
1984,08,bo,4100
1984,08,ch,7496
1984,08,cl,5502
1984,08,da,4462
1984,08,kc,5754
1984,08,mi,3183
1984,08,ny,3689
1984,08,ph,4694
1984,08,ri,5327
1984,08,sf,6966
1984,08,sl,3945
1984,08,su,3689
1984,09,at,5896
1984,09,bo,2838
1984,09,ch,7471
1984,09,cl,5594
1984,09,da,4991
1984,09,kc,4686
1984,09,mi,4087
1984,09,ny,4611
1984,09,ph,6602
1984,09,ri,4412
1984,09,sf,7261
1984,09,sl,4310
1984,09,su,5400
1984,10,at,4807
1984,10,bo,4651
1984,10,ch,6920
1984,10,cl,5177
1984,10,da,4661
1984,10,kc,5651
1984,10,mi,5685
1984,10,ny,3848
1984,10,ph,5297
1984,10,ri,4642
1984,10,sf,7139
1984,10,sl,4306
1984,10,su,3297
1984,12,at,5859
1984,12,bo,4986
1984,12,ch,6960
1984,12,cl,5842
1984,12,da,4933
1984,12,kc,4296
1984,12,mi,5457
1984,12,ny,4055
1984,12,ph,5954
1984,12,ri,5793
1984,12,sf,7870
1984,12,sl,3506
1984,12,su,5283
1985,01,at,5080
1985,01,bo,4056
1985,01,ch,7107
1985,01,cl,6370
1985,01,da,4953
1985,01,kc,5584
1985,01,mi,4849
1985,01,ny,4380
1985,01,ph,4994
1985,01,ri,4448
1985,01,sf,6117
1985,01,sl,3860
1985,01,su,2743
1985,03,at,5254
1985,03,bo,4444
1985,03,ch,5266
1985,03,cl,5650
1985,03,da,5239
1985,03,kc,5150
1985,03,mi,4453
1985,03,ny,4587
1985,03,ph,4703
1985,03,ri,4361
1985,03,sf,5382
1985,03,sl,3532
1985,03,su,3847
1985,05,at,5608
1985,05,bo,4410
1985,05,ch,5704
1985,05,cl,5935
1985,05,da,5259
1985,05,kc,5655
1985,05,mi,4728
1985,05,ny,4518
1985,05,ph,5669
1985,05,ri,4949
1985,05,sf,4742
1985,05,sl,4307
1985,05,su,6591
1985,06,at,4701
1985,06,bo,5493
1985,06,ch,7628
1985,06,cl,5559
1985,06,da,4879
1985,06,kc,4544
1985,06,mi,5161
1985,06,ny,5140
1985,06,ph,6360
1985,06,ri,4453
1985,06,sf,5244
1985,06,sl,3919
1985,06,su,6271
1985,08,at,5023
1985,08,bo,3828
1985,08,ch,6025
1985,08,cl,6033
1985,08,da,4790
1985,08,kc,5549
1985,08,mi,4586
1985,08,ny,4874
1985,08,ph,5599
1985,08,ri,4077
1985,08,sf,5299
1985,08,sl,3076
1985,08,su,5187
1985,09,at,5832
1985,09,bo,3795
1985,09,ch,6225
1985,09,cl,4292
1985,09,da,5028
1985,09,kc,5133
1985,09,mi,4561
1985,09,ny,5320
1985,09,ph,5355
1985,09,ri,3675
1985,09,sf,4114
1985,09,sl,4388
1985,09,su,6248
1985,10,at,5774
1985,10,bo,4284
1985,10,ch,7327
1985,10,cl,6111
1985,10,da,4856
1985,10,kc,4990
1985,10,mi,4841
1985,10,ny,5112
1985,10,ph,5355
1985,10,ri,5020
1985,10,sf,4451
1985,10,sl,3993
1985,10,su,7831
1985,12,at,5696
1985,12,bo,4565
1985,12,ch,5802
1985,12,cl,6024
1985,12,da,4907
1985,12,kc,5696
1985,12,mi,4428
1985,12,ny,5014
1985,12,ph,4630
1985,12,ri,3728
1985,12,sf,5436
1985,12,sl,3857
1985,12,su,5473
1986,01,at,5847
1986,01,bo,3841
1986,01,ch,6080
1986,01,cl,5995
1986,01,da,4865
1986,01,kc,5535
1986,01,mi,4677
1986,01,ny,4523
1986,01,ph,4618
1986,01,ri,3637
1986,01,sf,4784
1986,01,sl,4423
1986,01,su,6613
1986,03,at,5486
1986,03,bo,5477
1986,03,ch,5954
1986,03,cl,5243
1986,03,da,4358
1986,03,kc,5286
1986,03,mi,5075
1986,03,ny,4481
1986,03,ph,4760
1986,03,ri,3596
1986,03,sf,4909
1986,03,sl,3251
1986,03,su,7347
1986,05,at,5823
1986,05,bo,5893
1986,05,ch,6697
1986,05,cl,5307
1986,05,da,4915
1986,05,kc,5585
1986,05,mi,4985
1986,05,ny,5086
1986,05,ph,5617
1986,05,ri,3658
1986,05,sf,4390
1986,05,sl,4645
1986,05,su,5709
1986,06,at,5525
1986,06,bo,5430
1986,06,ch,6731
1986,06,cl,5354
1986,06,da,3944
1986,06,kc,5164
1986,06,mi,5048
1986,06,ny,4883
1986,06,ph,4461
1986,06,ri,4721
1986,06,sf,4731
1986,06,sl,4315
1986,06,su,6040
1986,08,at,5326
1986,08,bo,4398
1986,08,ch,7123
1986,08,cl,5497
1986,08,da,4298
1986,08,kc,4115
1986,08,mi,4418
1986,08,ny,4637
1986,08,ph,7005
1986,08,ri,4334
1986,08,sf,4969
1986,08,sl,3552
1986,08,su,5000
1986,09,at,5894
1986,09,bo,4354
1986,09,ch,7520
1986,09,cl,4917
1986,09,da,4776
1986,09,kc,5259
1986,09,mi,4670
1986,09,ny,5245
1986,09,ph,4859
1986,09,ri,4047
1986,09,sf,5415
1986,09,sl,3650
1986,09,su,5814
1986,10,at,6156
1986,10,bo,4391
1986,10,ch,7106
1986,10,cl,6370
1986,10,da,4658
1986,10,kc,5549
1986,10,mi,4555
1986,10,ny,5137
1986,10,ph,5426
1986,10,ri,4056
1986,10,sf,4662
1986,10,sl,4312
1986,10,su,7725
1986,12,at,6142
1986,12,bo,4327
1986,12,ch,7218
1986,12,cl,4535
1986,12,da,4995
1986,12,kc,5493
1986,12,mi,4854
1986,12,ny,4182
1986,12,ph,5028
1986,12,ri,4166
1986,12,sf,5153
1986,12,sl,3892
1986,12,su,6209
1987,01,at,6100
1987,01,bo,5759
1987,01,ch,7678
1987,01,cl,5282
1987,01,da,5148
1987,01,kc,4523
1987,01,mi,4870
1987,01,ny,4571
1987,01,ph,6477
1987,01,ri,4483
1987,01,sf,5127
1987,01,sl,4624
1987,01,su,8060
1987,03,at,5276
1987,03,bo,4879
1987,03,ch,4094
1987,03,cl,4915
1987,03,da,4740
1987,03,kc,5558
1987,03,mi,4318
1987,03,ny,5489
1987,03,ph,6124
1987,03,ri,4271
1987,03,sf,5366
1987,03,sl,4597
1987,03,su,6260
1987,05,at,5370
1987,05,bo,5912
1987,05,ch,6101
1987,05,cl,4705
1987,05,da,4794
1987,05,kc,5188
1987,05,mi,5059
1987,05,ny,4067
1987,05,ph,6471
1987,05,ri,4469
1987,05,sf,5122
1987,05,sl,3978
1987,05,su,5995
1987,06,at,5492
1987,06,bo,5902
1987,06,ch,5670
1987,06,cl,4483
1987,06,da,4588
1987,06,kc,5580
1987,06,mi,5157
1987,06,ny,5271
1987,06,ph,5886
1987,06,ri,4412
1987,06,sf,6160
1987,06,sl,3830
1987,06,su,7604
1987,08,at,5425
1987,08,bo,4596
1987,08,ch,5565
1987,08,cl,5123
1987,08,da,5050
1987,08,kc,4966
1987,08,mi,4586
1987,08,ny,5112
1987,08,ph,6005
1987,08,ri,4928
1987,08,sf,5972
1987,08,sl,4108
1987,08,su,4616
1987,09,at,5922
1987,09,bo,4478
1987,09,ch,5866
1987,09,cl,3868
1987,09,da,5269
1987,09,kc,5230
1987,09,mi,4858
1987,09,ny,4346
1987,09,ph,7028
1987,09,ri,3873
1987,09,sf,6904
1987,09,sl,3589
1987,09,su,6538
1987,10,at,5640
1987,10,bo,4565
1987,10,ch,5844
1987,10,cl,4692
1987,10,da,5041
1987,10,kc,5451
1987,10,mi,2015
1987,10,ny,5402
1987,10,ph,5450
1987,10,ri,4197
1987,10,sf,4344
1987,10,sl,4194
1987,10,su,6081
1987,12,at,5473
1987,12,bo,5023
1987,12,ch,5902
1987,12,cl,4024
1987,12,da,4974
1987,12,kc,5513
1987,12,mi,4417
1987,12,ny,5740
1987,12,ph,6185
1987,12,ri,5804
1987,12,sf,4681
1987,12,sl,4092
1987,12,su,5212
1988,01,at,6163
1988,01,bo,4314
1988,01,ch,6467
1988,01,cl,5102
1988,01,da,4491
1988,01,kc,5496
1988,01,mi,4595
1988,01,ny,5475
1988,01,ph,5743
1988,01,ri,4414
1988,01,sf,5361
1988,01,sl,4216
1988,01,su,6184
1988,03,at,5331
1988,03,bo,4480
1988,03,ch,5886
1988,03,cl,5085
1988,03,da,4964
1988,03,kc,4876
1988,03,mi,4565
1988,03,ny,5475
1988,03,ph,7147
1988,03,ri,4522
1988,03,sf,5516
1988,03,sl,4167
1988,03,su,5381
1988,05,at,5598
1988,05,bo,4406
1988,05,ch,5768
1988,05,cl,5665
1988,05,da,4935
1988,05,kc,5431
1988,05,mi,4631
1988,05,ny,5076
1988,05,ph,5317
1988,05,ri,6307
1988,05,sf,5935
1988,05,sl,4357
1988,05,su,5601
1988,06,at,5200
1988,06,bo,5066
1988,06,ch,5229
1988,06,cl,4652
1988,06,da,4998
1988,06,kc,5446
1988,06,mi,5141
1988,06,ny,4976
1988,06,ph,5249
1988,06,ri,5976
1988,06,sf,4361
1988,06,sl,4349
1988,06,su,5931
1988,08,at,5715
1988,08,bo,5002
1988,08,ch,5494
1988,08,cl,4613
1988,08,da,4909
1988,08,kc,5400
1988,08,mi,5264
1988,08,ny,5679
1988,08,ph,5420
1988,08,ri,5891
1988,08,sf,6312
1988,08,sl,3865
1988,08,su,7855
1988,09,at,6283
1988,09,bo,4422
1988,09,ch,5262
1988,09,cl,4690
1988,09,da,4786
1988,09,kc,5042
1988,09,mi,4150
1988,09,ny,5498
1988,09,ph,4837
1988,09,ri,4841
1988,09,sf,4873
1988,09,sl,3422
1988,09,su,8724
1988,10,at,6348
1988,10,bo,4818
1988,10,ch,4917
1988,10,cl,4668
1988,10,da,4273
1988,10,kc,5099
1988,10,mi,4363
1988,10,ny,6009
1988,10,ph,5209
1988,10,ri,6474
1988,10,sf,5629
1988,10,sl,3962
1988,10,su,7327
1988,11,at,5998
1988,11,bo,6043
1988,11,ch,4872
1988,11,cl,4497
1988,11,da,4993
1988,11,kc,5597
1988,11,mi,5102
1988,11,ny,5443
1988,11,ph,6291
1988,11,ri,4240
1988,11,sf,5872
1988,11,sl,4700
1988,11,su,8092
1989,01,at,5869
1989,01,bo,4952
1989,01,ch,5472
1989,01,cl,4262
1989,01,da,3538
1989,01,kc,6105
1989,01,mi,4279
1989,01,ny,5520
1989,01,ph,6481
1989,01,ri,4654
1989,01,sf,4926
1989,01,sl,4190
1989,01,su,6271
1989,03,at,3950
1989,03,bo,4631
1989,03,ch,6334
1989,03,cl,5577
1989,03,da,5301
1989,03,kc,5403
1989,03,mi,4928
1989,03,ny,6036
1989,03,ph,5379
1989,03,ri,4526
1989,03,sf,6630
1989,03,sl,4559
1989,03,su,5550
1989,05,at,6095
1989,05,bo,4444
1989,05,ch,5587
1989,05,cl,4958
1989,05,da,4936
1989,05,kc,5075
1989,05,mi,5180
1989,05,ny,5363
1989,05,ph,5840
1989,05,ri,3374
1989,05,sf,5820
1989,05,sl,3916
1989,05,su,7662
1989,06,at,5472
1989,06,bo,4850
1989,06,ch,6216
1989,06,cl,4969
1989,06,da,5205
1989,06,kc,4864
1989,06,mi,4920
1989,06,ny,6305
1989,06,ph,6946
1989,06,ri,4046
1989,06,sf,6517
1989,06,sl,4360
1989,06,su,5663
1989,08,at,5382
1989,08,bo,4683
1989,08,ch,5940
1989,08,cl,4792
1989,08,da,4968
1989,08,kc,5040
1989,08,mi,3836
1989,08,ny,6090
1989,08,ph,5386
1989,08,ri,5472
1989,08,sf,4856
1989,08,sl,4665
1989,08,su,5830
1989,09,at,6151
1989,09,bo,3807
1989,09,ch,3913
1989,09,cl,4740
1989,09,da,5098
1989,09,kc,5364
1989,09,mi,5100
1989,09,ny,5861
1989,09,ph,5065
1989,09,ri,5619
1989,09,sf,5960
1989,09,sl,4586
1989,09,su,6057
1989,11,at,5618
1989,11,bo,4269
1989,11,ch,5395
1989,11,cl,5197
1989,11,da,4980
1989,11,kc,5159
1989,11,mi,4994
1989,11,ny,5789
1989,11,ph,6291
1989,11,ri,5838
1989,11,sf,4469
1989,11,sl,4673
1989,11,su,8563
1989,12,at,5058
1989,12,bo,4522
1989,12,ch,7657
1989,12,cl,5366
1989,12,da,4987
1989,12,kc,5244
1989,12,mi,4728
1989,12,ny,6139
1989,12,ph,4883
1989,12,ri,4597
1989,12,sf,5735
1989,12,sl,3904
1989,12,su,6354
1990,01,at,5133
1990,01,bo,4960
1990,01,ch,5779
1990,01,cl,4899
1990,01,da,5154
1990,01,kc,5010
1990,01,mi,4253
1990,01,ny,5840
1990,01,ph,5158
1990,01,ri,4250
1990,01,sf,6212
1990,01,sl,4735
1990,01,su,6989
1990,03,at,5722
1990,03,bo,4362
1990,03,ch,6852
1990,03,cl,5698
1990,03,da,5032
1990,03,kc,4058
1990,03,mi,5878
1990,03,ny,5885
1990,03,ph,5083
1990,03,ri,4631
1990,03,sf,5515
1990,03,sl,4732
1990,03,su,6032
1990,05,at,5545
1990,05,bo,4763
1990,05,ch,7830
1990,05,cl,5838
1990,05,da,5823
1990,05,kc,5599
1990,05,mi,4538
1990,05,ny,5209
1990,05,ph,7005
1990,05,ri,4825
1990,05,sf,5594
1990,05,sl,4273
1990,05,su,9562
1990,06,at,5535
1990,06,bo,4011
1990,06,ch,6912
1990,06,cl,5319
1990,06,da,5110
1990,06,kc,4178
1990,06,mi,4775
1990,06,ny,6340
1990,06,ph,5882
1990,06,ri,5300
1990,06,sf,5877
1990,06,sl,4831
1990,06,su,7683
1990,08,at,5547
1990,08,bo,4776
1990,08,ch,6122
1990,08,cl,5034
1990,08,da,5006
1990,08,kc,5399
1990,08,mi,4514
1990,08,ny,5916
1990,08,ph,5335
1990,08,ri,5942
1990,08,sf,4599
1990,08,sl,4069
1990,08,su,8771
1990,09,at,4722
1990,09,bo,4884
1990,09,ch,7808
1990,09,cl,6824
1990,09,da,5569
1990,09,kc,4801
1990,09,mi,4519
1990,09,ny,5462
1990,09,ph,5082
1990,09,ri,5248
1990,09,sf,4784
1990,09,sl,4539
1990,09,su,5949
1990,10,at,5636
1990,10,bo,4203
1990,10,ch,9074
1990,10,cl,5644
1990,10,da,5344
1990,10,kc,5114
1990,10,mi,5221
1990,10,ny,4865
1990,10,ph,6209
1990,10,ri,4707
1990,10,sf,5284
1990,10,sl,4889
1990,10,su,4780
1990,12,at,5581
1990,12,bo,4570
1990,12,ch,8184
1990,12,cl,5942
1990,12,da,5206
1990,12,kc,5430
1990,12,mi,5286
1990,12,ny,5429
1990,12,ph,5474
1990,12,ri,5345
1990,12,sf,6639
1990,12,sl,4223
1990,12,su,5489
1991,01,at,5611
1991,01,bo,4645
1991,01,ch,10056
1991,01,cl,5874
1991,01,da,4979
1991,01,kc,5106
1991,01,mi,5214
1991,01,ny,5971
1991,01,ph,5319
1991,01,ri,5898
1991,01,sf,5995
1991,01,sl,4730
1991,01,su,5707
1991,03,at,5858
1991,03,bo,4435
1991,03,ch,7345
1991,03,cl,6097
1991,03,da,5286
1991,03,kc,5013
1991,03,mi,4914
1991,03,ny,4246
1991,03,ph,5829
1991,03,ri,5303
1991,03,sf,5374
1991,03,sl,4675
1991,03,su,6178
1991,05,at,5718
1991,05,bo,4503
1991,05,ch,8368
1991,05,cl,6036
1991,05,da,4910
1991,05,kc,4756
1991,05,mi,5131
1991,05,ny,6117
1991,05,ph,4446
1991,05,ri,5883
1991,05,sf,5578
1991,05,sl,4930
1991,05,su,6876
1991,06,at,5276
1991,06,bo,4704
1991,06,ch,9581
1991,06,cl,5532
1991,06,da,5266
1991,06,kc,4643
1991,06,mi,6067
1991,06,ny,6040
1991,06,ph,5226
1991,06,ri,5299
1991,06,sf,5234
1991,06,sl,4611
1991,06,su,5892
1991,08,at,4918
1991,08,bo,4763
1991,08,ch,7665
1991,08,cl,5684
1991,08,da,5260
1991,08,kc,4423
1991,08,mi,4578
1991,08,ny,5197
1991,08,ph,6152
1991,08,ri,5322
1991,08,sf,5584
1991,08,sl,5186
1991,08,su,7462
1991,09,at,5556
1991,09,bo,4853
1991,09,ch,9069
1991,09,cl,5955
1991,09,da,4613
1991,09,kc,4092
1991,09,mi,5024
1991,09,ny,5123
1991,09,ph,4676
1991,09,ri,4131
1991,09,sf,5738
1991,09,sl,4565
1991,09,su,6856
1991,10,at,5413
1991,10,bo,3228
1991,10,ch,7384
1991,10,cl,6475
1991,10,da,5036
1991,10,kc,4809
1991,10,mi,6323
1991,10,ny,5045
1991,10,ph,5488
1991,10,ri,3813
1991,10,sf,4739
1991,10,sl,4839
1991,10,su,6041
1991,12,at,5179
1991,12,bo,4115
1991,12,ch,8001
1991,12,cl,7341
1991,12,da,4890
1991,12,kc,4978
1991,12,mi,5147
1991,12,ny,5723
1991,12,ph,4698
1991,12,ri,5222
1991,12,sf,4779
1991,12,sl,4429
1991,12,su,8285
1992,01,at,4965
1992,01,bo,4870
1992,01,ch,9074
1992,01,cl,6236
1992,01,da,4773
1992,01,kc,5244
1992,01,mi,5559
1992,01,ny,5730
1992,01,ph,5043
1992,01,ri,4950
1992,01,sf,5485
1992,01,sl,4757
1992,01,su,7879
1992,03,at,4718
1992,03,bo,4639
1992,03,ch,6671
1992,03,cl,5832
1992,03,da,4755
1992,03,kc,4916
1992,03,mi,5370
1992,03,ny,5595
1992,03,ph,5664
1992,03,ri,4502
1992,03,sf,5618
1992,03,sl,4315
1992,03,su,5308
1992,05,at,4082
1992,05,bo,5022
1992,05,ch,8282
1992,05,cl,6517
1992,05,da,4966
1992,05,kc,4877
1992,05,mi,6142
1992,05,ny,5708
1992,05,ph,5309
1992,05,ri,4927
1992,05,sf,5753
1992,05,sl,4929
1992,05,su,6246
1992,06,at,4475
1992,06,bo,3338
1992,06,ch,8247
1992,06,cl,5453
1992,06,da,4849
1992,06,kc,4662
1992,06,mi,5221
1992,06,ny,4802
1992,06,ph,4058
1992,06,ri,3937
1992,06,sf,6713
1992,06,sl,4524
1992,06,su,6820
1992,08,at,3924
1992,08,bo,5028
1992,08,ch,8473
1992,08,cl,5071
1992,08,da,5819
1992,08,kc,4882
1992,08,mi,5591
1992,08,ny,4881
1992,08,ph,4621
1992,08,ri,4497
1992,08,sf,7276
1992,08,sl,4625
1992,08,su,8579
1992,09,at,5317
1992,09,bo,4754
1992,09,ch,8398
1992,09,cl,4846
1992,09,da,5251
1992,09,kc,4583
1992,09,mi,3848
1992,09,ny,5228
1992,09,ph,5379
1992,09,ri,4326
1992,09,sf,6513
1992,09,sl,4853
1992,09,su,7603
1992,11,at,5196
1992,11,bo,5013
1992,11,ch,8486
1992,11,cl,6075
1992,11,da,4543
1992,11,kc,4605
1992,11,mi,5562
1992,11,ny,5486
1992,11,ph,5279
1992,11,ri,5177
1992,11,sf,7089
1992,11,sl,4422
1992,11,su,8761
1992,12,at,5387
1992,12,bo,4739
1992,12,ch,9214
1992,12,cl,5275
1992,12,da,5216
1992,12,kc,4618
1992,12,mi,5118
1992,12,ny,5452
1992,12,ph,5175
1992,12,ri,5124
1992,12,sf,6939
1992,12,sl,5926
1992,12,su,7849
1993,01,at,4024
1993,01,bo,4601
1993,01,ch,7041
1993,01,cl,5515
1993,01,da,5962
1993,01,kc,3299
1993,01,mi,5068
1993,01,ny,6309
1993,01,ph,4507
1993,01,ri,3855
1993,01,sf,6181
1993,01,sl,5402
1993,01,su,8623
1993,03,at,3888
1993,03,bo,4614
1993,03,ch,7702
1993,03,cl,5724
1993,03,da,4974
1993,03,kc,4575
1993,03,mi,4738
1993,03,ny,5270
1993,03,ph,5700
1993,03,ri,5114
1993,03,sf,5748
1993,03,sl,5407
1993,03,su,10917
1993,05,at,4341
1993,05,bo,4810
1993,05,ch,7879
1993,05,cl,6225
1993,05,da,5555
1993,05,kc,4336
1993,05,mi,7318
1993,05,ny,6891
1993,05,ph,4782
1993,05,ri,5665
1993,05,sf,5805
1993,05,sl,5820
1993,05,su,10567
1993,06,at,4727
1993,06,bo,4686
1993,06,ch,8155
1993,06,cl,5257
1993,06,da,5068
1993,06,kc,4787
1993,06,mi,6283
1993,06,ny,5055
1993,06,ph,5111
1993,06,ri,4752
1993,06,sf,5859
1993,06,sl,5631
1993,06,su,6755
1993,08,at,5727
1993,08,bo,3777
1993,08,ch,8077
1993,08,cl,5563
1993,08,da,5015
1993,08,kc,4652
1993,08,mi,6055
1993,08,ny,5738
1993,08,ph,4044
1993,08,ri,4171
1993,08,sf,4757
1993,08,sl,5384
1993,08,su,7568
1993,09,at,4745
1993,09,bo,4330
1993,09,ch,8260
1993,09,cl,5179
1993,09,da,4997
1993,09,kc,4946
1993,09,mi,6040
1993,09,ny,6051
1993,09,ph,4615
1993,09,ri,4596
1993,09,sf,6479
1993,09,sl,5964
1993,09,su,9950
1993,11,at,5841
1993,11,bo,4921
1993,11,ch,8154
1993,11,cl,3403
1993,11,da,4827
1993,11,kc,4956
1993,11,mi,7767
1993,11,ny,6044
1993,11,ph,4125
1993,11,ri,4552
1993,11,sf,5849
1993,11,sl,5517
1993,11,su,8685
1993,12,at,5229
1993,12,bo,4843
1993,12,ch,8478
1993,12,cl,4252
1993,12,da,5171
1993,12,kc,5368
1993,12,mi,6733
1993,12,ny,5503
1993,12,ph,5067
1993,12,ri,4572
1993,12,sf,5981
1993,12,sl,5687
1993,12,su,9444
1994,01,at,5102
1994,01,bo,4835
1994,01,ch,7370
1994,01,cl,5036
1994,01,da,5155
1994,01,kc,4860
1994,01,mi,7534
1994,01,ny,5868
1994,01,ph,3141
1994,01,ri,3764
1994,01,sf,6342
1994,01,sl,5683
1994,01,su,8697
1994,03,at,5821
1994,03,bo,5000
1994,03,ch,9609
1994,03,cl,4347
1994,03,da,5172
1994,03,kc,4907
1994,03,mi,8438
1994,03,ny,6003
1994,03,ph,6883
1994,03,ri,6227
1994,03,sf,7135
1994,03,sl,5578
1994,03,su,9087
1994,05,at,5124
1994,05,bo,4623
1994,05,ch,8443
1994,05,cl,3940
1994,05,da,6506
1994,05,kc,4788
1994,05,mi,6421
1994,05,ny,5814
1994,05,ph,4126
1994,05,ri,5880
1994,05,sf,5333
1994,05,sl,5891
1994,05,su,6618
1994,06,at,5293
1994,06,bo,4691
1994,06,ch,8566
1994,06,cl,4484
1994,06,da,6731
1994,06,kc,5124
1994,06,mi,6208
1994,06,ny,6343
1994,06,ph,6405
1994,06,ri,5699
1994,06,sf,6210
1994,06,sl,5947
1994,06,su,10333
1994,08,at,4856
1994,08,bo,4587
1994,08,ch,8153
1994,08,cl,5904
1994,08,da,6830
1994,08,kc,4703
1994,08,mi,7005
1994,08,ny,5515
1994,08,ph,4854
1994,08,ri,5159
1994,08,sf,5324
1994,08,sl,6126
1994,08,su,6446
1994,09,at,5917
1994,09,bo,4334
1994,09,ch,8645
1994,09,cl,4036
1994,09,da,5353
1994,09,kc,4651
1994,09,mi,7036
1994,09,ny,5004
1994,09,ph,4989
1994,09,ri,5123
1994,09,sf,5999
1994,09,sl,4675
1994,09,su,9967
1994,11,at,4298
1994,11,bo,4617
1994,11,ch,8522
1994,11,cl,5010
1994,11,da,5329
1994,11,kc,4414
1994,11,mi,8012
1994,11,ny,5340
1994,11,ph,5661
1994,11,ri,4393
1994,11,sf,5877
1994,11,sl,5453
1994,11,su,8463
1994,12,at,6225
1994,12,bo,4612
1994,12,ch,8562
1994,12,cl,5598
1994,12,da,5480
1994,12,kc,4781
1994,12,mi,8508
1994,12,ny,4526
1994,12,ph,4709
1994,12,ri,5439
1994,12,sf,6272
1994,12,sl,5125
1994,12,su,9504
1995,01,at,6379
1995,01,bo,4893
1995,01,ch,7703
1995,01,cl,4491
1995,01,da,5831
1995,01,kc,4757
1995,01,mi,7600
1995,01,ny,5591
1995,01,ph,5737
1995,01,ri,5434
1995,01,sf,6482
1995,01,sl,4295
1995,01,su,9813
1995,03,at,5450
1995,03,bo,5072
1995,03,ch,9388
1995,03,cl,5408
1995,03,da,6352
1995,03,kc,5235
1995,03,mi,7446
1995,03,ny,5257
1995,03,ph,6159
1995,03,ri,4856
1995,03,sf,5944
1995,03,sl,0
1995,03,su,6948
1995,05,at,5237
1995,05,bo,5117
1995,05,ch,6952
1995,05,cl,4536
1995,05,da,6324
1995,05,kc,4635
1995,05,mi,5925
1995,05,ny,4497
1995,05,ph,4400
1995,05,ri,5365
1995,05,sf,5577
1995,05,sl,1746
1995,05,su,6199
1995,06,at,4818
1995,06,bo,4988
1995,06,ch,7798
1995,06,cl,4408
1995,06,da,6170
1995,06,kc,4781
1995,06,mi,6721
1995,06,ny,4656
1995,06,ph,4948
1995,06,ri,5534
1995,06,sf,5332
1995,06,sl,5210
1995,06,su,8876
1995,08,at,5237
1995,08,bo,4826
1995,08,ch,8737
1995,08,cl,4841
1995,08,da,5392
1995,08,kc,4357
1995,08,mi,6884
1995,08,ny,5000
1995,08,ph,5799
1995,08,ri,5791
1995,08,sf,4579
1995,08,sl,4686
1995,08,su,9913
1995,09,at,4367
1995,09,bo,4377
1995,09,ch,7070
1995,09,cl,4388
1995,09,da,5326
1995,09,kc,4612
1995,09,mi,6705
1995,09,ny,5149
1995,09,ph,4195
1995,09,ri,4913
1995,09,sf,4885
1995,09,sl,5256
1995,09,su,6254
1995,11,at,5089
1995,11,bo,5595
1995,11,ch,7717
1995,11,cl,5101
1995,11,da,6114
1995,11,kc,4726
1995,11,mi,7218
1995,11,ny,4671
1995,11,ph,4989
1995,11,ri,4882
1995,11,sf,5337
1995,11,sl,5528
1995,11,su,6621
1995,12,at,5502
1995,12,bo,5219
1995,12,ch,7160
1995,12,cl,4504
1995,12,da,6090
1995,12,kc,5201
1995,12,mi,6940
1995,12,ny,5789
1995,12,ph,4841
1995,12,ri,5287
1995,12,sf,4701
1995,12,sl,5592
1995,12,su,8086
1996,01,at,514
1996,01,bo,2347
1996,01,ch,1
1996,01,cl,2509
1996,01,da,6131
1996,01,kc,1416
1996,01,mi,3157
1996,01,ny,2798
1996,01,ph,2924
1996,01,ri,1
1996,01,sf,443
1996,01,sl,5336
1996,01,su,2249
1996,03,at,647
1996,03,bo,3888
1996,03,ch,714
1996,03,cl,2775
1996,03,da,6397
1996,03,kc,993
1996,03,mi,3254
1996,03,ny,3631
1996,03,ph,2931
1996,03,ri,4687
1996,03,sf,4675
1996,03,sl,6069
1996,03,su,8890
1996,05,at,5762
1996,05,bo,5062
1996,05,ch,7433
1996,05,cl,4543
1996,05,da,6420
1996,05,kc,5627
1996,05,mi,8545
1996,05,ny,6237
1996,05,ph,4407
1996,05,ri,5656
1996,05,sf,5375
1996,05,sl,5669
1996,05,su,9493
1996,06,at,6166
1996,06,bo,5384
1996,06,ch,7587
1996,06,cl,4190
1996,06,da,5525
1996,06,kc,5726
1996,06,mi,6818
1996,06,ny,6292
1996,06,ph,5223
1996,06,ri,7120
1996,06,sf,5164
1996,06,sl,5318
1996,06,su,6803
1996,08,at,5662
1996,08,bo,5465
1996,08,ch,5892
1996,08,cl,4395
1996,08,da,5677
1996,08,kc,5621
1996,08,mi,7785
1996,08,ny,6490
1996,08,ph,4553
1996,08,ri,7988
1996,08,sf,4691
1996,08,sl,5135
1996,08,su,8335
1996,09,at,5182
1996,09,bo,5916
1996,09,ch,6135
1996,09,cl,4118
1996,09,da,5526
1996,09,kc,5547
1996,09,mi,6590
1996,09,ny,5747
1996,09,ph,6073
1996,09,ri,6715
1996,09,sf,5842
1996,09,sl,5261
1996,09,su,657
1996,10,at,4968
1996,10,bo,5625
1996,10,ch,6983
1996,10,cl,5110
1996,10,da,6609
1996,10,kc,4208
1996,10,mi,8417
1996,10,ny,5989
1996,10,ph,5827
1996,10,ri,6465
1996,10,sf,5974
1996,10,sl,5357
1996,10,su,11675
1996,12,at,5373
1996,12,bo,6104
1996,12,ch,8185
1996,12,cl,4678
1996,12,da,6194
1996,12,kc,4492
1996,12,mi,6476
1996,12,ny,5915
1996,12,ph,5473
1996,12,ri,5829
1996,12,sf,4979
1996,12,sl,5035
1996,12,su,9820
1997,01,at,1034
1997,01,bo,4244
1997,01,ch,782
1997,01,cl,2461
1997,01,da,838
1997,01,kc,1511
1997,01,mi,1164
1997,01,ny,3652
1997,01,ph,2434
1997,01,ri,624
1997,01,sf,1516
1997,01,sl,2940
1997,01,su,2872
1997,03,at,1443
1997,03,bo,3337
1997,03,ch,721
1997,03,cl,3426
1997,03,da,875
1997,03,kc,1236
1997,03,mi,1880
1997,03,ny,3963
1997,03,ph,3346
1997,03,ri,797
1997,03,sf,1294
1997,03,sl,1094
1997,03,su,5294
1997,05,at,1104
1997,05,bo,3057
1997,05,ch,830
1997,05,cl,2791
1997,05,da,680
1997,05,kc,1730
1997,05,mi,3182
1997,05,ny,3124
1997,05,ph,2464
1997,05,ri,774
1997,05,sf,2573
1997,05,sl,2201
1997,05,su,6118
1997,06,at,1117
1997,06,bo,3329
1997,06,ch,729
1997,06,cl,3048
1997,06,da,701
1997,06,kc,1782
1997,06,mi,3173
1997,06,ny,3750
1997,06,ph,2653
1997,06,ri,682
1997,06,sf,1941
1997,06,sl,2686
1997,06,su,8891
1997,08,at,1265
1997,08,bo,3241
1997,08,ch,859
1997,08,cl,2162
1997,08,da,475
1997,08,kc,2003
1997,08,mi,2999
1997,08,ny,3344
1997,08,ph,2431
1997,08,ri,742
1997,08,sf,1154
1997,08,sl,2065
1997,08,su,6154
1997,09,at,1288
1997,09,bo,2984
1997,09,ch,784
1997,09,cl,3570
1997,09,da,1592
1997,09,kc,1352
1997,09,mi,3183
1997,09,ny,3164
1997,09,ph,1803
1997,09,ri,724
1997,09,sf,1374
1997,09,sl,2360
1997,09,su,7206
1997,10,at,1518
1997,10,bo,3284
1997,10,ch,1477
1997,10,cl,2945
1997,10,da,2012
1997,10,kc,1680
1997,10,mi,3460
1997,10,ny,3384
1997,10,ph,1778
1997,10,ri,670
1997,10,sf,2352
1997,10,sl,2323
1997,10,su,2871
1997,12,at,529
1997,12,bo,3073
1997,12,ch,1
1997,12,cl,2290
1997,12,da,1473
1997,12,kc,532
1997,12,mi,3070
1997,12,ny,3211
1997,12,ph,1919
1997,12,ri,1
1997,12,sf,805
1997,12,sl,1785
1997,12,su,5022
1998,01,at,708
1998,01,bo,3252
1998,01,ch,1954
1998,01,cl,3480
1998,01,da,2740
1998,01,kc,1388
1998,01,mi,2585
1998,01,ny,3351
1998,01,ph,3067
1998,01,ri,867
1998,01,sf,0
1998,01,sl,2066
1998,01,su,6448
1998,03,at,1876
1998,03,bo,3261
1998,03,ch,786
1998,03,cl,2308
1998,03,da,3158
1998,03,kc,940
1998,03,mi,3688
1998,03,ny,3724
1998,03,ph,3106
1998,03,ri,1357
1998,03,sf,1491
1998,03,sl,2155
1998,03,su,5905
1998,05,at,1530
1998,05,bo,3888
1998,05,ch,807
1998,05,cl,2667
1998,05,da,1230
1998,05,kc,957
1998,05,mi,3159
1998,05,ny,3510
1998,05,ph,3307
1998,05,ri,1842
1998,05,sf,1416
1998,05,sl,2291
1998,05,su,0
1998,06,at,796
1998,06,bo,3054
1998,06,ch,788
1998,06,cl,2363
1998,06,da,931
1998,06,kc,1233
1998,06,mi,2959
1998,06,ny,2842
1998,06,ph,2050
1998,06,ri,2497
1998,06,sf,1241
1998,06,sl,1980
1998,06,su,0
1998,08,at,980
1998,08,bo,4453
1998,08,ch,1138
1998,08,cl,3870
1998,08,da,1075
1998,08,kc,1022
1998,08,mi,4558
1998,08,ny,3687
1998,08,ph,1945
1998,08,ri,1872
1998,08,sf,2349
1998,08,sl,1745
1998,08,su,5013
1998,09,at,1364
1998,09,bo,2373
1998,09,ch,1875
1998,09,cl,3308
1998,09,da,1613
1998,09,kc,1486
1998,09,mi,3409
1998,09,ny,3046
1998,09,ph,2411
1998,09,ri,1511
1998,09,sf,1785
1998,09,sl,1420
1998,09,su,5059
1998,11,at,935
1998,11,bo,3280
1998,11,ch,866
1998,11,cl,3574
1998,11,da,911
1998,11,kc,2032
1998,11,mi,2141
1998,11,ny,4170
1998,11,ph,3218
1998,11,ri,1965
1998,11,sf,2354
1998,11,sl,2841
1998,11,su,4692
1998,12,at,668
1998,12,bo,3321
1998,12,ch,1931
1998,12,cl,2523
1998,12,da,1353
1998,12,kc,931
1998,12,mi,671
1998,12,ny,3795
1998,12,ph,3301
1998,12,ri,1442
1998,12,sf,1753
1998,12,sl,1261
1998,12,su,4102
1999,01,at,1625
1999,01,bo,4389
1999,01,ch,982
1999,01,cl,2562
1999,01,da,696
1999,01,kc,890
1999,01,mi,3215
1999,01,ny,3226
1999,01,ph,2761
1999,01,ri,1644
1999,01,sf,744
1999,01,sl,2703
1999,01,su,5891
1999,03,at,1240
1999,03,bo,2977
1999,03,ch,883
1999,03,cl,3326
1999,03,da,870
1999,03,kc,759
1999,03,mi,3705
1999,03,ny,4486
1999,03,ph,2164
1999,03,ri,1599
1999,03,sf,645
1999,03,sl,2296
1999,03,su,6793
1999,05,at,1761
1999,05,bo,4503
1999,05,ch,808
1999,05,cl,2489
1999,05,da,1577
1999,05,kc,820
1999,05,mi,2699
1999,05,ny,3467
1999,05,ph,2266
1999,05,ri,1315
1999,05,sf,1344
1999,05,sl,1972
1999,05,su,4192
1999,06,at,1534
1999,06,bo,3855
1999,06,ch,1077
1999,06,cl,3896
1999,06,da,620
1999,06,kc,1002
1999,06,mi,2932
1999,06,ny,4420
1999,06,ph,3257
1999,06,ri,1546
1999,06,sf,1409
1999,06,sl,2183
1999,06,su,7925
1999,08,at,990
1999,08,bo,3562
1999,08,ch,1044
1999,08,cl,2117
1999,08,da,445
1999,08,kc,691
1999,08,mi,3468
1999,08,ny,3899
1999,08,ph,3835
1999,08,ri,1532
1999,08,sf,1684
1999,08,sl,2034
1999,08,su,6524
1999,09,at,1149
1999,09,bo,4142
1999,09,ch,0
1999,09,cl,2835
1999,09,da,651
1999,09,kc,0
1999,09,mi,3762
1999,09,ny,3337
1999,09,ph,3397
1999,09,ri,739
1999,09,sf,610
1999,09,sl,1160
1999,09,su,4923
1999,11,at,1013
1999,11,bo,3121
1999,11,ch,0
1999,11,cl,4247
1999,11,da,574
1999,11,kc,0
1999,11,mi,2802
1999,11,ny,3562
1999,11,ph,3910
1999,11,ri,613
1999,11,sf,421
1999,11,sl,2456
1999,11,su,3765
1999,12,at,2372
1999,12,bo,3992
1999,12,ch,946
1999,12,cl,4754
1999,12,da,784
1999,12,kc,676
1999,12,mi,3738
1999,12,ny,3611
1999,12,ph,3291
1999,12,ri,1574
1999,12,sf,1165
1999,12,sl,2860
1999,12,su,5367
2000,01,at,1346
2000,01,bo,3297
2000,01,ch,1107
2000,01,cl,5461
2000,01,da,1511
2000,01,kc,703
2000,01,mi,2768
2000,01,ny,4854
2000,01,ph,4186
2000,01,ri,1343
2000,01,sf,2791
2000,01,sl,2400
2000,01,su,6523
2000,03,at,1426
2000,03,bo,3744
2000,03,ch,884
2000,03,cl,3878
2000,03,da,2107
2000,03,kc,658
2000,03,mi,4425
2000,03,ny,5000
2000,03,ph,4230
2000,03,ri,1750
2000,03,sf,830
2000,03,sl,3681
2000,03,su,2998
2000,05,at,1538
2000,05,bo,3556
2000,05,ch,827
2000,05,cl,3183
2000,05,da,1953
2000,05,kc,708
2000,05,mi,3006
2000,05,ny,3933
2000,05,ph,4865
2000,05,ri,2515
2000,05,sf,2074
2000,05,sl,3648
2000,05,su,3110
2000,06,at,2301
2000,06,bo,4461
2000,06,ch,903
2000,06,cl,3728
2000,06,da,707
2000,06,kc,759
2000,06,mi,2942
2000,06,ny,4494
2000,06,ph,4948
2000,06,ri,1877
2000,06,sf,2156
2000,06,sl,3257
2000,06,su,6087
2000,08,at,977
2000,08,bo,3834
2000,08,ch,0
2000,08,cl,2752
2000,08,da,532
2000,08,kc,0
2000,08,mi,3431
2000,08,ny,4071
2000,08,ph,2933
2000,08,ri,1478
2000,08,sf,1249
2000,08,sl,3450
2000,08,su,6933
2000,09,at,1657
2000,09,bo,3884
2000,09,ch,1115
2000,09,cl,2293
2000,09,da,730
2000,09,kc,568
2000,09,mi,3172
2000,09,ny,5330
2000,09,ph,3605
2000,09,ri,1551
2000,09,sf,2746
2000,09,sl,2863
2000,09,su,4869
2000,11,at,1773
2000,11,bo,3371
2000,11,ch,906
2000,11,cl,1887
2000,11,da,2410
2000,11,kc,674
2000,11,mi,3168
2000,11,ny,4632
2000,11,ph,4132
2000,11,ri,1504
2000,11,sf,2552
2000,11,sl,3483
2000,11,su,5227
2000,12,at,2494
2000,12,bo,4863
2000,12,ch,893
2000,12,cl,2101
2000,12,da,1414
2000,12,kc,752
2000,12,mi,3037
2000,12,ny,4236
2000,12,ph,3804
2000,12,ri,1804
2000,12,sf,2236
2000,12,sl,3021
2000,12,su,7598
2001,01,at,1730
2001,01,bo,3749
2001,01,ch,1486
2001,01,cl,2368
2001,01,da,2098
2001,01,kc,697
2001,01,mi,3068
2001,01,ny,5135
2001,01,ph,3844
2001,01,ri,1582
2001,01,sf,2653
2001,01,sl,3844
2001,01,su,9427
2001,03,at,1860
2001,03,bo,2353
2001,03,ch,1118
2001,03,cl,2983
2001,03,da,2494
2001,03,kc,780
2001,03,mi,2976
2001,03,ny,5392
2001,03,ph,3033
2001,03,ri,1547
2001,03,sf,1329
2001,03,sl,2556
2001,03,su,14454
2001,05,at,1994
2001,05,bo,4107
2001,05,ch,1173
2001,05,cl,3291
2001,05,da,2690
2001,05,kc,672
2001,05,mi,4073
2001,05,ny,4983
2001,05,ph,3516
2001,05,ri,1287
2001,05,sf,3647
2001,05,sl,2835
2001,05,su,6312
2001,06,at,1964
2001,06,bo,3334
2001,06,ch,937
2001,06,cl,4536
2001,06,da,4688
2001,06,kc,636
2001,06,mi,2979
2001,06,ny,5350
2001,06,ph,3865
2001,06,ri,1583
2001,06,sf,3022
2001,06,sl,3009
2001,06,su,3636
2001,08,at,1846
2001,08,bo,4494
2001,08,ch,1084
2001,08,cl,2821
2001,08,da,4744
2001,08,kc,603
2001,08,mi,3126
2001,08,ny,6463
2001,08,ph,3077
2001,08,ri,1846
2001,08,sf,3204
2001,08,sl,2293
2001,08,su,6552
2001,09,at,1262
2001,09,bo,4470
2001,09,ch,899
2001,09,cl,4170
2001,09,da,5066
2001,09,kc,791
2001,09,mi,3794
2001,09,ny,6648
2001,09,ph,4143
2001,09,ri,1899
2001,09,sf,2040
2001,09,sl,3744
2001,09,su,569
2001,10,at,2739
2001,10,bo,3271
2001,10,ch,4218
2001,10,cl,2193
2001,10,da,6511
2001,10,kc,6828
2001,10,mi,3680
2001,10,ny,5278
2001,10,ph,3544
2001,10,ri,6447
2001,10,sf,1803
2001,10,sl,2241
2001,10,su,6215
2001,11,at,1354
2001,11,bo,3376
2001,11,ch,926
2001,11,cl,4143
2001,11,da,3698
2001,11,kc,876
2001,11,mi,3284
2001,11,ny,5696
2001,11,ph,4358
2001,11,ri,2061
2001,11,sf,1368
2001,11,sl,3171
2001,11,su,6540
2002,01,at,782
2002,01,bo,3378
2002,01,ch,1005
2002,01,cl,4397
2002,01,da,3319
2002,01,kc,825
2002,01,mi,3696
2002,01,ny,5126
2002,01,ph,3205
2002,01,ri,2169
2002,01,sf,3068
2002,01,sl,2396
2002,01,su,8777
2002,03,at,2049
2002,03,bo,3249
2002,03,ch,3872
2002,03,cl,5654
2002,03,da,1621
2002,03,kc,885
2002,03,mi,5291
2002,03,ny,4353
2002,03,ph,4245
2002,03,ri,1053
2002,03,sf,1730
2002,03,sl,3393
2002,03,su,7791
2002,04,at,860
2002,04,bo,3378
2002,04,ch,1008
2002,04,cl,2289
2002,04,da,3033
2002,04,kc,0
2002,04,mi,3507
2002,04,ny,2993
2002,04,ph,3656
2002,04,ri,898
2002,04,sf,1060
2002,04,sl,4598
2002,04,su,9892
2002,06,at,1309
2002,06,bo,5922
2002,06,ch,996
2002,06,cl,3976
2002,06,da,1834
2002,06,kc,629
2002,06,mi,3646
2002,06,ny,4793
2002,06,ph,2204
2002,06,ri,874
2002,06,sf,2116
2002,06,sl,2815
2002,06,su,3128
2002,07,at,1236
2002,07,bo,3938
2002,07,ch,977
2002,07,cl,3285
2002,07,da,2837
2002,07,kc,0
2002,07,mi,3765
2002,07,ny,5041
2002,07,ph,4469
2002,07,ri,964
2002,07,sf,1357
2002,07,sl,3305
2002,07,su,7321
2002,09,at,2057
2002,09,bo,4912
2002,09,ch,810
2002,09,cl,4311
2002,09,da,4229
2002,09,kc,1763
2002,09,mi,3770
2002,09,ny,7678
2002,09,ph,5328
2002,09,ri,3613
2002,09,sf,2066
2002,09,sl,3717
2002,09,su,6549
2002,10,at,1629
2002,10,bo,4663
2002,10,ch,903
2002,10,cl,6032
2002,10,da,2368
2002,10,kc,600
2002,10,mi,3514
2002,10,ny,4970
2002,10,ph,4347
2002,10,ri,1667
2002,10,sf,1263
2002,10,sl,3668
2002,10,su,2064
2002,11,at,1670
2002,11,bo,4389
2002,11,ch,911
2002,11,cl,4302
2002,11,da,3327
2002,11,kc,656
2002,11,mi,3484
2002,11,ny,4504
2002,11,ph,4077
2002,11,ri,2665
2002,11,sf,2788
2002,11,sl,3043
2002,11,su,7746
2003,01,at,1730
2003,01,bo,3998
2003,01,ch,937
2003,01,cl,4374
2003,01,da,3762
2003,01,kc,692
2003,01,mi,3538
2003,01,ny,5186
2003,01,ph,5266
2003,01,ri,1649
2003,01,sf,3728
2003,01,sl,2285
2003,01,su,11586
2003,03,at,4879
2003,03,bo,6689
2003,03,ch,7335
2003,03,cl,7859
2003,03,da,10105
2003,03,kc,6921
2003,03,mi,7863
2003,03,ny,8639
2003,03,ph,7841
2003,03,ri,9126
2003,03,sf,6764
2003,03,sl,6763
2003,03,su,13048
2003,04,at,5398
2003,04,bo,6575
2003,04,ch,11158
2003,04,cl,8132
2003,04,da,10826
2003,04,kc,7333
2003,04,mi,7457
2003,04,ny,7188
2003,04,ph,6476
2003,04,ri,7983
2003,04,sf,7769
2003,04,sl,5924
2003,04,su,7681
2003,06,at,5654
2003,06,bo,7067
2003,06,ch,8289
2003,06,cl,9405
2003,06,da,8535
2003,06,kc,7169
2003,06,mi,6676
2003,06,ny,6666
2003,06,ph,7575
2003,06,ri,7868
2003,06,sf,6145
2003,06,sl,6414
2003,06,su,14740
2003,07,at,5704
2003,07,bo,6349
2003,07,ch,8624
2003,07,cl,7676
2003,07,da,11365
2003,07,kc,7473
2003,07,mi,7726
2003,07,ny,6623
2003,07,ph,7149
2003,07,ri,8323
2003,07,sf,6308
2003,07,sl,4916
2003,07,su,13652
2003,09,at,1085
2003,09,bo,5138
2003,09,ch,1131
2003,09,cl,5822
2003,09,da,5635
2003,09,kc,589
2003,09,mi,3600
2003,09,ny,4529
2003,09,ph,4213
2003,09,ri,1746
2003,09,sf,2497
2003,09,sl,1430
2003,09,su,9021
2003,10,at,6960
2003,10,bo,4039
2003,10,ch,9699
2003,10,cl,8445
2003,10,da,11603
2003,10,kc,9778
2003,10,mi,8885
2003,10,ny,7816
2003,10,ph,7534
2003,10,ri,11199
2003,10,sf,7876
2003,10,sl,6856
2003,10,su,16818
2003,11,at,781
2003,11,bo,4858
2003,11,ch,0
2003,11,cl,4647
2003,11,da,3892
2003,11,kc,580
2003,11,mi,3413
2003,11,ny,4893
2003,11,ph,3845
2003,11,ri,838
2003,11,sf,1405
2003,11,sl,2519
2003,11,su,7937
2004,01,at,938
2004,01,bo,5036
2004,01,ch,0
2004,01,cl,4875
2004,01,da,5539
2004,01,kc,664
2004,01,mi,3898
2004,01,ny,4435
2004,01,ph,2371
2004,01,ri,750
2004,01,sf,1217
2004,01,sl,2277
2004,01,su,11109
2004,03,at,6113
2004,03,bo,8023
2004,03,ch,10023
2004,03,cl,8423
2004,03,da,12017
2004,03,kc,8244
2004,03,mi,8447
2004,03,ny,6349
2004,03,ph,8726
2004,03,ri,9031
2004,03,sf,8632
2004,03,sl,8422
2004,03,su,14234
2004,04,at,1847
2004,04,bo,3696
2004,04,ch,0
2004,04,cl,3910
2004,04,da,7199
2004,04,kc,613
2004,04,mi,3785
2004,04,ny,4613
2004,04,ph,4381
2004,04,ri,2296
2004,04,sf,2699
2004,04,sl,5035
2004,04,su,4473
2004,06,at,5025
2004,06,bo,6573
2004,06,ch,7957
2004,06,cl,7134
2004,06,da,9021
2004,06,kc,7907
2004,06,mi,7039
2004,06,ny,6822
2004,06,ph,7355
2004,06,ri,7427
2004,06,sf,5840
2004,06,sl,6351
2004,06,su,12725
2004,07,at,5787
2004,07,bo,6066
2004,07,ch,7627
2004,07,cl,7384
2004,07,da,8080
2004,07,kc,7763
2004,07,mi,7785
2004,07,ny,6615
2004,07,ph,5554
2004,07,ri,6989
2004,07,sf,5927
2004,07,sl,4708
2004,07,su,12006
2004,09,at,5772
2004,09,bo,8519
2004,09,ch,8473
2004,09,cl,6995
2004,09,da,10172
2004,09,kc,7674
2004,09,mi,7797
2004,09,ny,5939
2004,09,ph,6872
2004,09,ri,7950
2004,09,sf,4994
2004,09,sl,6839
2004,09,su,11089
2004,10,at,5556
2004,10,bo,6211
2004,10,ch,8897
2004,10,cl,6413
2004,10,da,9491
2004,10,kc,7615
2004,10,mi,7407
2004,10,ny,7335
2004,10,ph,5599
2004,10,ri,7090
2004,10,sf,5034
2004,10,sl,5620
2004,10,su,10942
2004,12,at,5073
2004,12,bo,7302
2004,12,ch,7110
2004,12,cl,7620
2004,12,da,11160
2004,12,kc,7591
2004,12,mi,6707
2004,12,ny,7362
2004,12,ph,6427
2004,12,ri,8594
2004,12,sf,5339
2004,12,sl,7090
2004,12,su,14912
2005,01,at,1513
2005,01,bo,5164
2005,01,ch,638
2005,01,cl,3586
2005,01,da,4359
2005,01,kc,1093
2005,01,mi,3130
2005,01,ny,5408
2005,01,ph,3322
2005,01,ri,1765
2005,01,sf,2289
2005,01,sl,2327
2005,01,su,9300
2005,03,at,6087
2005,03,bo,7181
2005,03,ch,7655
2005,03,cl,7216
2005,03,da,10304
2005,03,kc,7451
2005,03,mi,7157
2005,03,ny,6533
2005,03,ph,6076
2005,03,ri,7839
2005,03,sf,6405
2005,03,sl,5759
2005,03,su,12562
2005,04,at,5203
2005,04,bo,6922
2005,04,ch,7287
2005,04,cl,7573
2005,04,da,8371
2005,04,kc,6666
2005,04,mi,7687
2005,04,ny,7133
2005,04,ph,6541
2005,04,ri,7758
2005,04,sf,5195
2005,04,sl,5041
2005,04,su,12850
2005,06,at,5370
2005,06,bo,7780
2005,06,ch,7918
2005,06,cl,7832
2005,06,da,8848
2005,06,kc,7831
2005,06,mi,7360
2005,06,ny,6742
2005,06,ph,6614
2005,06,ri,7698
2005,06,sf,6184
2005,06,sl,5914
2005,06,su,9809
2005,07,at,2084
2005,07,bo,3092
2005,07,ch,656
2005,07,cl,4394
2005,07,da,3543
2005,07,kc,570
2005,07,mi,3191
2005,07,ny,3791
2005,07,ph,3556
2005,07,ri,1723
2005,07,sf,2515
2005,07,sl,2505
2005,07,su,7212
2005,09,at,6024
2005,09,bo,7557
2005,09,ch,7648
2005,09,cl,7896
2005,09,da,9681
2005,09,kc,8012
2005,09,mi,7290
2005,09,ny,5690
2005,09,ph,7566
2005,09,ri,8377
2005,09,sf,4618
2005,09,sl,6202
2005,09,su,3468
2005,10,at,6635
2005,10,bo,6992
2005,10,ch,7543
2005,10,cl,7835
2005,10,da,14126
2005,10,kc,7757
2005,10,mi,5957
2005,10,ny,6283
2005,10,ph,8111
2005,10,ri,7803
2005,10,sf,5617
2005,10,sl,5117
2005,10,su,10606
2005,11,at,6944
2005,11,bo,8330
2005,11,ch,7053
2005,11,cl,6795
2005,11,da,10770
2005,11,kc,8070
2005,11,mi,7442
2005,11,ny,6663
2005,11,ph,7557
2005,11,ri,7467
2005,11,sf,5520
2005,11,sl,6084
2005,11,su,13598
2006,01,at,6769
2006,01,bo,6585
2006,01,ch,7296
2006,01,cl,6788
2006,01,da,9033
2006,01,kc,7579
2006,01,mi,7219
2006,01,ny,6586
2006,01,ph,7010
2006,01,ri,7330
2006,01,sf,6063
2006,01,sl,4966
2006,01,su,12443
2006,03,at,6716
2006,03,bo,8292
2006,03,ch,7404
2006,03,cl,6468
2006,03,da,10998
2006,03,kc,7851
2006,03,mi,7339
2006,03,ny,6645
2006,03,ph,7571
2006,03,ri,8449
2006,03,sf,5850
2006,03,sl,6124
2006,03,su,12998
2006,04,at,2651
2006,04,bo,6337
2006,04,ch,717
2006,04,cl,3083
2006,04,da,5574
2006,04,kc,482
2006,04,mi,3077
2006,04,ny,3149
2006,04,ph,2791
2006,04,ri,1782
2006,04,sf,1844
2006,04,sl,2147
2006,04,su,9201
2006,06,at,2633
2006,06,bo,6185
2006,06,ch,919
2006,06,cl,3606
2006,06,da,4560
2006,06,kc,516
2006,06,mi,3345
2006,06,ny,3692
2006,06,ph,6580
2006,06,ri,1572
2006,06,sf,1913
2006,06,sl,2308
2006,06,su,14397
2006,07,at,6821
2006,07,bo,7840
2006,07,ch,8386
2006,07,cl,6751
2006,07,da,9598
2006,07,kc,6981
2006,07,mi,7010
2006,07,ny,7035
2006,07,ph,6116
2006,07,ri,7185
2006,07,sf,5953
2006,07,sl,4596
2006,07,su,14099
2006,09,at,5319
2006,09,bo,8099
2006,09,ch,7910
2006,09,cl,6798
2006,09,da,9736
2006,09,kc,7325
2006,09,mi,6927
2006,09,ny,6292
2006,09,ph,5891
2006,09,ri,4079
2006,09,sf,6197
2006,09,sl,5940
2006,09,su,13817
2006,10,at,2002
2006,10,bo,5234
2006,10,ch,903
2006,10,cl,3480
2006,10,da,6826
2006,10,kc,618
2006,10,mi,5500
2006,10,ny,4241
2006,10,ph,5380
2006,10,ri,3849
2006,10,sf,3227
2006,10,sl,2551
2006,10,su,6190
2006,11,at,2911
2006,11,bo,6384
2006,11,ch,770
2006,11,cl,2989
2006,11,da,4573
2006,11,kc,568
2006,11,mi,2989
2006,11,ny,3997
2006,11,ph,4481
2006,11,ri,1491
2006,11,sf,2851
2006,11,sl,2724
2006,11,su,6183
2007,01,at,2897
2007,01,bo,5902
2007,01,ch,855
2007,01,cl,2328
2007,01,da,5464
2007,01,kc,992
2007,01,mi,3264
2007,01,ny,4082
2007,01,ph,3226
2007,01,ri,1581
2007,01,sf,1448
2007,01,sl,1973
2007,01,su,6118
2007,03,at,6721
2007,03,bo,8183
2007,03,ch,8499
2007,03,cl,6630
2007,03,da,9201
2007,03,kc,6041
2007,03,mi,7317
2007,03,ny,6619
2007,03,ph,6302
2007,03,ri,7378
2007,03,sf,6007
2007,03,sl,5986
2007,03,su,15735
2007,04,at,5695
2007,04,bo,7330
2007,04,ch,7355
2007,04,cl,6716
2007,04,da,10688
2007,04,kc,6703
2007,04,mi,7220
2007,04,ny,6508
2007,04,ph,5889
2007,04,ri,7614
2007,04,sf,5910
2007,04,sl,4717
2007,04,su,15965
2007,06,at,6629
2007,06,bo,8186
2007,06,ch,7674
2007,06,cl,8037
2007,06,da,10131
2007,06,kc,6688
2007,06,mi,7175
2007,06,ny,6349
2007,06,ph,6881
2007,06,ri,8063
2007,06,sf,6002
2007,06,sl,6262
2007,06,su,13143
2007,07,at,6403
2007,07,bo,6581
2007,07,ch,8043
2007,07,cl,7276
2007,07,da,9448
2007,07,kc,6495
2007,07,mi,7141
2007,07,ny,6695
2007,07,ph,6459
2007,07,ri,7440
2007,07,sf,6093
2007,07,sl,4285
2007,07,su,15639
2007,09,at,6668
2007,09,bo,8362
2007,09,ch,8781
2007,09,cl,7479
2007,09,da,11139
2007,09,kc,6709
2007,09,mi,7222
2007,09,ny,7510
2007,09,ph,9092
2007,09,ri,10021
2007,09,sf,6785
2007,09,sl,7321
2007,09,su,14809
2007,10,at,5765
2007,10,bo,9526
2007,10,ch,8069
2007,10,cl,7562
2007,10,da,7721
2007,10,kc,6992
2007,10,mi,7111
2007,10,ny,6531
2007,10,ph,8409
2007,10,ri,9023
2007,10,sf,5814
2007,10,sl,4530
2007,10,su,9645
2007,11,at,6564
2007,11,bo,10911
2007,11,ch,8272
2007,11,cl,6181
2007,11,da,8359
2007,11,kc,7081
2007,11,mi,7311
2007,11,ny,5151
2007,11,ph,6645
2007,11,ri,8900
2007,11,sf,5675
2007,11,sl,5806
2007,11,su,15040
2008,01,at,4965
2008,01,bo,9221
2008,01,ch,7745
2008,01,cl,7022
2008,01,da,8538
2008,01,kc,7086
2008,01,mi,6938
2008,01,ny,4946
2008,01,ph,8666
2008,01,ri,8682
2008,01,sf,6086
2008,01,sl,4431
2008,01,su,12152
2008,03,at,6160
2008,03,bo,9139
2008,03,ch,8306
2008,03,cl,7309
2008,03,da,7344
2008,03,kc,6847
2008,03,mi,7028
2008,03,ny,5935
2008,03,ph,7491
2008,03,ri,9117
2008,03,sf,6146
2008,03,sl,6289
2008,03,su,14516
2008,04,at,5981
2008,04,bo,8797
2008,04,ch,8291
2008,04,cl,7343
2008,04,da,7083
2008,04,kc,6404
2008,04,mi,6040
2008,04,ny,7225
2008,04,ph,8673
2008,04,ri,7369
2008,04,sf,6087
2008,04,sl,4825
2008,04,su,13190
2008,06,at,4598
2008,06,bo,7237
2008,06,ch,8135
2008,06,cl,5554
2008,06,da,8587
2008,06,kc,4831
2008,06,mi,6257
2008,06,ny,5687
2008,06,ph,7995
2008,06,ri,9835
2008,06,sf,6187
2008,06,sl,6571
2008,06,su,12672
2008,07,at,4734
2008,07,bo,8972
2008,07,ch,7650
2008,07,cl,7176
2008,07,da,9026
2008,07,kc,6671
2008,07,mi,6911
2008,07,ny,7917
2008,07,ph,8190
2008,07,ri,9499
2008,07,sf,6187
2008,07,sl,5293
2008,07,su,17400
2008,09,at,2687
2008,09,bo,10640
2008,09,ch,7810
2008,09,cl,7837
2008,09,da,9090
2008,09,kc,6598
2008,09,mi,7045
2008,09,ny,8037
2008,09,ph,7218
2008,09,ri,4578
2008,09,sf,6218
2008,09,sl,6623
2008,09,su,13393
2008,10,at,5156
2008,10,bo,9516
2008,10,ch,7840
2008,10,cl,7969
2008,10,da,9630
2008,10,kc,6950
2008,10,mi,7009
2008,10,ny,8102
2008,10,ph,7890
2008,10,ri,10939
2008,10,sf,6269
2008,10,sl,4256
2008,10,su,11692
2008,12,at,5122
2008,12,bo,10251
2008,12,ch,8428
2008,12,cl,8129
2008,12,da,8271
2008,12,kc,7017
2008,12,mi,7014
2008,12,ny,8172
2008,12,ph,4606
2008,12,ri,4217
2008,12,sf,6407
2008,12,sl,5108
2008,12,su,10731
2009,01,at,5551
2009,01,bo,9670
2009,01,ch,6703
2009,01,cl,7811
2009,01,da,11094
2009,01,kc,7014
2009,01,mi,6287
2009,01,ny,8421
2009,01,ph,7658
2009,01,ri,9319
2009,01,sf,6154
2009,01,sl,4119
2009,01,su,18125
2009,03,at,5203
2009,03,bo,10159
2009,03,ch,7625
2009,03,cl,6207
2009,03,da,10160
2009,03,kc,5912
2009,03,mi,7173
2009,03,ny,7355
2009,03,ph,8808
2009,03,ri,9824
2009,03,sf,6419
2009,03,sl,6059
2009,03,su,16172
2009,04,at,4748
2009,04,bo,9063
2009,04,ch,8080
2009,04,cl,8908
2009,04,da,12018
2009,04,kc,6576
2009,04,mi,6921
2009,04,ny,8999
2009,04,ph,8449
2009,04,ri,10312
2009,04,sf,6244
2009,04,sl,5153
2009,04,su,14656
2009,06,at,5327
2009,06,bo,10555
2009,06,ch,8180
2009,06,cl,7842
2009,06,da,11642
2009,06,kc,6682
2009,06,mi,6909
2009,06,ny,8733
2009,06,ph,7880
2009,06,ri,9381
2009,06,sf,6151
2009,06,sl,6938
2009,06,su,15245
2009,07,at,5079
2009,07,bo,9829
2009,07,ch,7586
2009,07,cl,8455
2009,07,da,11080
2009,07,kc,7619
2009,07,mi,6756
2009,07,ny,8589
2009,07,ph,7488
2009,07,ri,9060
2009,07,sf,6188
2009,07,sl,5317
2009,07,su,17346
2009,09,at,6559
2009,09,bo,10754
2009,09,ch,8291
2009,09,cl,9015
2009,09,da,6366
2009,09,kc,6760
2009,09,mi,7045
2009,09,ny,7926
2009,09,ph,9296
2009,09,ri,9586
2009,09,sf,6453
2009,09,sl,6437
2009,09,su,12498
2009,10,at,6343
2009,10,bo,9791
2009,10,ch,8900
2009,10,cl,8854
2009,10,da,9708
2009,10,kc,7132
2009,10,mi,7033
2009,10,ny,8249
2009,10,ph,7300
2009,10,ri,10070
2009,10,sf,7124
2009,10,sl,5441
2009,10,su,18187
2009,12,at,6168
2009,12,bo,10694
2009,12,ch,8604
2009,12,cl,9010
2009,12,da,8345
2009,12,kc,7384
2009,12,mi,7171
2009,12,ny,8359
2009,12,ph,7276
2009,12,ri,9745
2009,12,sf,6750
2009,12,sl,6856
2009,12,su,14799
2010,01,at,5800
2010,01,bo,9285
2010,01,ch,7911
2010,01,cl,8783
2010,01,da,8974
2010,01,kc,7179
2010,01,mi,5299
2010,01,ny,8528
2010,01,ph,7386
2010,01,ri,10206
2010,01,sf,6618
2010,01,sl,4829
2010,01,su,16844
2010,03,at,6058
2010,03,bo,10475
2010,03,ch,7165
2010,03,cl,8977
2010,03,da,8492
2010,03,kc,7312
2010,03,mi,6532
2010,03,ny,9054
2010,03,ph,8288
2010,03,ri,9877
2010,03,sf,6269
2010,03,sl,6582
2010,03,su,16685
2010,04,at,5710
2010,04,bo,10083
2010,04,ch,6764
2010,04,cl,9015
2010,04,da,9566
2010,04,kc,8003
2010,04,mi,6803
2010,04,ny,8551
2010,04,ph,7690
2010,04,ri,10313
2010,04,sf,6786
2010,04,sl,5066
2010,04,su,12243
2010,06,at,7394
2010,06,bo,10845
2010,06,ch,7081
2010,06,cl,9071
2010,06,da,9665
2010,06,kc,7288
2010,06,mi,7046
2010,06,ny,8734
2010,06,ph,9464
2010,06,ri,9805
2010,06,sf,6529
2010,06,sl,6915
2010,06,su,9893
2010,07,at,5959
2010,07,bo,10963
2010,07,ch,6402
2010,07,cl,8074
2010,07,da,9786
2010,07,kc,7322
2010,07,mi,7021
2010,07,ny,8927
2010,07,ph,9096
2010,07,ri,9255
2010,07,sf,6541
2010,07,sl,4584
2010,07,su,14344
2010,09,at,5522
2010,09,bo,10213
2010,09,ch,6392
2010,09,cl,8778
2010,09,da,9108
2010,09,kc,7329
2010,09,mi,6063
2010,09,ny,8789
2010,09,ph,9256
2010,09,ri,10350
2010,09,sf,6383
2010,09,sl,6910
2010,09,su,13669
2010,10,at,5681
2010,10,bo,9354
2010,10,ch,6602
2010,10,cl,8847
2010,10,da,9950
2010,10,kc,7176
2010,10,mi,6933
2010,10,ny,7992
2010,10,ph,8623
2010,10,ri,10219
2010,10,sf,6342
2010,10,sl,5109
2010,10,su,15415
2010,12,at,5482
2010,12,bo,9204
2010,12,ch,6735
2010,12,cl,8938
2010,12,da,9993
2010,12,kc,6274
2010,12,mi,6552
2010,12,ny,7038
2010,12,ph,7195
2010,12,ri,10481
2010,12,sf,6325
2010,12,sl,6456
2010,12,su,13938
2011,01,at,7323
2011,01,bo,10267
2011,01,ch,6978
2011,01,cl,9670
2011,01,da,7971
2011,01,kc,7630
2011,01,mi,7221
2011,01,ny,8008
2011,01,ph,8550
2011,01,ri,9989
2011,01,sf,6775
2011,01,sl,4716
2011,01,su,18080
2011,03,at,7274
2011,03,bo,9866
2011,03,ch,7433
2011,03,cl,9387
2011,03,da,9252
2011,03,kc,7794
2011,03,mi,7268
2011,03,ny,8269
2011,03,ph,7864
2011,03,ri,11206
2011,03,sf,6635
2011,03,sl,6594
2011,03,su,17383
2011,04,at,7181
2011,04,bo,10437
2011,04,ch,7270
2011,04,cl,9816
2011,04,da,9857
2011,04,kc,7502
2011,04,mi,7243
2011,04,ny,7536
2011,04,ph,9517
2011,04,ri,11426
2011,04,sf,6965
2011,04,sl,4617
2011,04,su,18266
2011,06,at,7409
2011,06,bo,9972
2011,06,ch,8161
2011,06,cl,9699
2011,06,da,9512
2011,06,kc,6901
2011,06,mi,7447
2011,06,ny,8541
2011,06,ph,9365
2011,06,ri,10216
2011,06,sf,6743
2011,06,sl,6530
2011,06,su,19114
2011,07,at,7575
2011,07,bo,10546
2011,07,ch,7277
2011,07,cl,9447
2011,07,da,9795
2011,07,kc,7828
2011,07,mi,7142
2011,07,ny,8070
2011,07,ph,7641
2011,07,ri,11180
2011,07,sf,6801
2011,07,sl,4709
2011,07,su,17248
2011,09,at,7507
2011,09,bo,10233
2011,09,ch,7088
2011,09,cl,9615
2011,09,da,9597
2011,09,kc,8055
2011,09,mi,7188
2011,09,ny,8207
2011,09,ph,7206
2011,09,ri,10624
2011,09,sf,6486
2011,09,sl,6901
2011,09,su,19338
2011,10,at,8122
2011,10,bo,11170
2011,10,ch,7386
2011,10,cl,9544
2011,10,da,9458
2011,10,kc,7521
2011,10,mi,7219
2011,10,ny,9099
2011,10,ph,7952
2011,10,ri,10965
2011,10,sf,6651
2011,10,sl,4591
2011,10,su,13869
2011,11,at,8625
2011,11,bo,11641
2011,11,ch,6652
2011,11,cl,9086
2011,11,da,8216
2011,11,kc,6769
2011,11,mi,7063
2011,11,ny,6456
2011,11,ph,8377
2011,11,ri,10180
2011,11,sf,6915
2011,11,sl,6914
2011,11,su,13413
2012,01,at,9484
2012,01,bo,10852
2012,01,ch,6763
2012,01,cl,9297
2012,01,da,9304
2012,01,kc,7344
2012,01,mi,7238
2012,01,ny,7226
2012,01,ph,7941
2012,01,ri,11178
2012,01,sf,6451
2012,01,sl,4464
2012,01,su,15745
2012,02,at,8618
2012,02,bo,11878
2012,02,ch,7227
2012,02,cl,9647
2012,02,da,9293
2012,02,kc,8190
2012,02,mi,6964
2012,02,ny,6601
2012,02,ph,8178
2012,02,ri,11282
2012,02,sf,6781
2012,02,sl,6559
2012,02,su,14423
2012,04,at,8740
2012,04,bo,10776
2012,04,ch,6205
2012,04,cl,9403
2012,04,da,8591
2012,04,kc,7491
2012,04,mi,7523
2012,04,ny,7106
2012,04,ph,7894
2012,04,ri,10275
2012,04,sf,6851
2012,04,sl,4917
2012,04,su,15192
2012,06,at,8362
2012,06,bo,9759
2012,06,ch,6674
2012,06,cl,9811
2012,06,da,9172
2012,06,kc,6399
2012,06,mi,7988
2012,06,ny,7246
2012,06,ph,7809
2012,06,ri,9945
2012,06,sf,6588
2012,06,sl,6753
2012,06,su,17364
2012,07,at,7584
2012,07,bo,7556
2012,07,ch,6404
2012,07,cl,8413
2012,07,da,7430
2012,07,kc,7854
2012,07,mi,7448
2012,07,ny,5500
2012,07,ph,7205
2012,07,ri,8840
2012,07,sf,5728
2012,07,sl,4156
2012,07,su,16705
2012,08,at,8412
2012,08,bo,10862
2012,08,ch,6757
2012,08,cl,9444
2012,08,da,9428
2012,08,kc,7759
2012,08,mi,7349
2012,08,ny,6572
2012,08,ph,8550
2012,08,ri,10291
2012,08,sf,6447
2012,08,sl,6767
2012,08,su,18699
2012,10,at,4989
2012,10,bo,4955
2012,10,ch,749
2012,10,cl,3359
2012,10,da,3970
2012,10,kc,765
2012,10,mi,2135
2012,10,ny,3653
2012,10,ph,3556
2012,10,ri,2739
2012,10,sf,1259
2012,10,sl,2135
2012,10,su,9393
2012,11,at,8411
2012,11,bo,9827
2012,11,ch,7788
2012,11,cl,9658
2012,11,da,8829
2012,11,kc,6898
2012,11,mi,7815
2012,11,ny,9026
2012,11,ph,11721
2012,11,ri,9121
2012,11,sf,5644
2012,11,sl,6963
2012,11,su,24118
2013,01,at,8093
2013,01,bo,9544
2013,01,ch,8028
2013,01,cl,9184
2013,01,da,9249
2013,01,kc,6155
2013,01,mi,7379
2013,01,ny,6868
2013,01,ph,9616
2013,01,ri,8884
2013,01,sf,6532
2013,01,sl,4906
2013,01,su,16721
2013,03,at,7810
2013,03,bo,11177
2013,03,ch,7982
2013,03,cl,9716
2013,03,da,7817
2013,03,kc,7562
2013,03,mi,7356
2013,03,ny,7996
2013,03,ph,7985
2013,03,ri,9712
2013,03,sf,6476
2013,03,sl,6780
2013,03,su,18933
2013,04,at,8563
2013,04,bo,9383
2013,04,ch,7263
2013,04,cl,8949
2013,04,da,8864
2013,04,kc,8037
2013,04,mi,6778
2013,04,ny,6610
2013,04,ph,8409
2013,04,ri,9337
2013,04,sf,6338
2013,04,sl,4804
2013,04,su,21651
2013,06,at,7885
2013,06,bo,9925
2013,06,ch,7641
2013,06,cl,9372
2013,06,da,8269
2013,06,kc,8189
2013,06,mi,6776
2013,06,ny,7345
2013,06,ph,8656
2013,06,ri,10035
2013,06,sf,5489
2013,06,sl,6723
2013,06,su,18135
2013,07,at,4998
2013,07,bo,4396
2013,07,ch,543
2013,07,cl,3886
2013,07,da,3847
2013,07,kc,1031
2013,07,mi,2823
2013,07,ny,3577
2013,07,ph,3737
2013,07,ri,3152
2013,07,sf,1660
2013,07,sl,2196
2013,07,su,8407
2013,09,at,4409
2013,09,bo,1283
2013,09,ch,472
2013,09,cl,4549
2013,09,da,3826
2013,09,kc,1264
2013,09,mi,2311
2013,09,ny,4028
2013,09,ph,3809
2013,09,ri,2714
2013,09,sf,1703
2013,09,sl,2583
2013,09,su,7683
2013,10,at,8091
2013,10,bo,10601
2013,10,ch,6637
2013,10,cl,8087
2013,10,da,9078
2013,10,kc,8244
2013,10,mi,7547
2013,10,ny,7248
2013,10,ph,9283
2013,10,ri,10641
2013,10,sf,6935
2013,10,sl,5018
2013,10,su,14800
2013,12,at,7805
2013,12,bo,10062
2013,12,ch,6749
2013,12,cl,8961
2013,12,da,8964
2013,12,kc,7328
2013,12,mi,7530
2013,12,ny,6880
2013,12,ph,9494
2013,12,ri,11251
2013,12,sf,6659
2013,12,sl,6552
2013,12,su,10534
2014,01,at,8035
2014,01,bo,10467
2014,01,ch,7216
2014,01,cl,10434
2014,01,da,9332
2014,01,kc,7940
2014,01,mi,7264
2014,01,ny,7413
2014,01,ph,10233
2014,01,ri,11003
2014,01,sf,6797
2014,01,sl,5066
2014,01,su,18392
2014,03,at,8051
2014,03,bo,10345
2014,03,ch,7707
2014,03,cl,10102
2014,03,da,9172
2014,03,kc,7729
2014,03,mi,7313
2014,03,ny,7531
2014,03,ph,9648
2014,03,ri,10747
2014,03,sf,6608
2014,03,sl,6826
2014,03,su,15841
2014,04,at,8041
2014,04,bo,10580
2014,04,ch,6662
2014,04,cl,8138
2014,04,da,9195
2014,04,kc,7541
2014,04,mi,7117
2014,04,ny,7589
2014,04,ph,10911
2014,04,ri,9214
2014,04,sf,7157
2014,04,sl,4828
2014,04,su,20743
2014,06,at,7188
2014,06,bo,11332
2014,06,ch,7220
2014,06,cl,7576
2014,06,da,9149
2014,06,kc,7655
2014,06,mi,7168
2014,06,ny,7371
2014,06,ph,10341
2014,06,ri,10533
2014,06,sf,6867
2014,06,sl,6525
2014,06,su,16189
2014,07,at,7723
2014,07,bo,9225
2014,07,ch,6597
2014,07,cl,9737
2014,07,da,8851
2014,07,kc,7845
2014,07,mi,7102
2014,07,ny,7491
2014,07,ph,10598
2014,07,ri,10231
2014,07,sf,6938
2014,07,sl,6007
2014,07,su,20401
2014,09,at,7884
2014,09,bo,11881
2014,09,ch,7350
2014,09,cl,9359
2014,09,da,9089
2014,09,kc,7219
2014,09,mi,7747
2014,09,ny,7221
2014,09,ph,10926
2014,09,ri,10873
2014,09,sf,4801
2014,09,sl,6453
2014,09,su,17555
2014,10,at,7709
2014,10,bo,11030
2014,10,ch,7278
2014,10,cl,10716
2014,10,da,9200
2014,10,kc,7930
2014,10,mi,7551
2014,10,ny,6927
2014,10,ph,11082
2014,10,ri,10823
2014,10,sf,6133
2014,10,sl,5241
2014,10,su,17250
2014,12,at,7902
2014,12,bo,10895
2014,12,ch,6386
2014,12,cl,10952
2014,12,da,8882
2014,12,kc,8199
2014,12,mi,8081
2014,12,ny,7111
2014,12,ph,9421
2014,12,ri,10389
2014,12,sf,6161
2014,12,sl,6205
2014,12,su,13734
2015,01,at,7697
2015,01,bo,5431
2015,01,ch,6472
2015,01,cl,10036
2015,01,da,9238
2015,01,kc,7963
2015,01,mi,2907
2015,01,ny,4408
2015,01,ph,9075
2015,01,ri,10407
2015,01,sf,1868
2015,01,sl,2381
2015,01,su,8186
2015,03,at,4792
2015,03,bo,4454
2015,03,ch,509
2015,03,cl,4087
2015,03,da,3834
2015,03,kc,1129
2015,03,mi,2675
2015,03,ny,4577
2015,03,ph,3786
2015,03,ri,3589
2015,03,sf,2032
2015,03,sl,2575
2015,03,su,9250
2015,04,at,3928
2015,04,bo,5369
2015,04,ch,524
2015,04,cl,3759
2015,04,da,3752
2015,04,kc,849
2015,04,mi,2456
2015,04,ny,3903
2015,04,ph,4119
2015,04,ri,3933
2015,04,sf,1683
2015,04,sl,1609
2015,04,su,8747
2015,06,at,7296
2015,06,bo,3841
2015,06,ch,7064
2015,06,cl,10529
2015,06,da,9597
2015,06,kc,7581
2015,06,mi,2531
2015,06,ny,3749
2015,06,ph,8556
2015,06,ri,10007
2015,06,sf,1896
2015,06,sl,2013
2015,06,su,18070
2015,07,at,86
2015,07,bo,84
2015,07,ch,84
2015,07,cl,84
2015,07,da,84
2015,07,kc,84
2015,07,mi,84
2015,07,ny,84
2015,07,ph,84
2015,07,ri,84
2015,07,sf,84
2015,07,sl,84
2015,07,su,84
2015,09,at,7849
2015,09,bo,5035
2015,09,ch,6751
2015,09,cl,9371
2015,09,da,9040
2015,09,kc,7822
2015,09,mi,2597
2015,09,ny,3959
2015,09,ph,5929
2015,09,ri,10281
2015,09,sf,1964
2015,09,sl,2198
2015,09,su,10564
2015,10,at,0
2015,10,bo,781
2015,10,ch,649
2015,10,cl,538
2015,10,da,483
2015,10,kc,940
2015,10,mi,513
2015,10,ny,761
2015,10,ph,416
2015,10,ri,909
2015,10,sf,508
2015,10,sl,0
2015,10,su,0
2015,12,at,7484
2015,12,bo,6603
2015,12,ch,6709
2015,12,cl,8995
2015,12,da,9469
2015,12,kc,2282
2015,12,mi,2061
2015,12,ny,3267
2015,12,ph,8785
2015,12,ri,9672
2015,12,sf,2064
2015,12,sl,3020
2015,12,su,23593
2016,01,at,7289
2016,01,bo,5854
2016,01,ch,6403
2016,01,cl,10243
2016,01,da,7871
2016,01,kc,8018
2016,01,mi,2968
2016,01,ny,2446
2016,01,ph,8920
2016,01,ri,10592
2016,01,sf,2178
2016,01,sl,2093
2016,01,su,9793
2016,03,at,4206
2016,03,bo,4542
2016,03,ch,7336
2016,03,cl,8949
2016,03,da,2575
2016,03,kc,8340
2016,03,mi,2745
2016,03,ny,4900
2016,03,ph,8183
2016,03,ri,3750
2016,03,sf,1654
2016,03,sl,1948
2016,03,su,13025
2016,04,at,7623
2016,04,bo,5164
2016,04,ch,6703
2016,04,cl,9903
2016,04,da,9037
2016,04,kc,7566
2016,04,mi,2875
2016,04,ny,2639
2016,04,ph,8359
2016,04,ri,9765
2016,04,sf,1802
2016,04,sl,2430
2016,06,at,4574
2016,06,bo,5687
2016,06,ch,521
2016,06,cl,4011
2016,06,da,2621
2016,06,kc,1455
2016,06,mi,3006
2016,06,ny,3018
2016,06,ph,3611
2016,06,ri,3232
2016,06,sf,1932
2016,06,sl,1759
2016,07,at,4090
2016,07,bo,5891
2016,07,ch,634
2016,07,cl,4385
2016,07,da,2810
2016,07,kc,1524
2016,07,mi,3076
2016,07,ny,4329
2016,07,ph,3428
2016,07,ri,2549
2016,07,sf,2549
2016,07,sl,1819
2016,07,su,4831
2016,09,at,4468
2016,09,bo,4098
2016,09,ch,6360
2016,09,cl,9949
2016,09,da,2850
2016,09,kc,7498
2016,09,mi,3482
2016,09,ny,4643
2016,09,ph,5161
2016,09,ri,2255
2016,09,sf,2081
2016,09,sl,2433
2016,09,su,7237
2016,10,at,4509
2016,10,bo,3225
2016,10,ch,519
2016,10,cl,3914
2016,10,da,1876
2016,10,kc,1709
2016,10,mi,2419
2016,10,ny,4638
2016,10,ph,3501
2016,10,ri,2450
2016,10,sf,2347
2016,10,sl,1953
2016,10,su,7403
2016,11,at,4393
2016,11,bo,4570
2016,11,ch,563
2016,11,cl,3770
2016,11,da,1666
2016,11,kc,1418
2016,11,mi,2929
2016,11,ny,4132
2016,11,ph,4017
2016,11,ri,2906
2016,11,sf,2452
2016,11,sl,2227
2016,11,su,7010
2017,01,at,2054
2017,01,bo,3351
2017,01,ch,0
2017,01,cl,1234
2017,01,da,1901
2017,01,kc,1664
2017,01,mi,1634
2017,01,ny,3427
2017,01,ph,4922
2017,01,ri,2611
2017,01,sf,1784
2017,01,sl,1487
2017,01,su,283
2017,03,at,2415
2017,03,bo,2811
2017,03,ch,0
2017,03,cl,1426
2017,03,da,1106
2017,03,kc,669
2017,03,mi,1442
2017,03,ny,3176
2017,03,ph,3730
2017,03,ri,1316
2017,03,sf,918
2017,03,sl,1789
2017,03,su,288
2017,04,at,1523
2017,04,bo,2639
2017,04,ch,1
2017,04,cl,1258
2017,04,da,841
2017,04,kc,535
2017,04,mi,1726
2017,04,ny,3285
2017,04,ph,2949
2017,04,ri,1455
2017,04,sf,870
2017,04,sl,2268
2017,04,su,285
2017,05,at,1236
2017,05,bo,813
2017,05,ch,0
2017,05,cl,1083
2017,05,da,1070
2017,05,kc,594
2017,05,mi,2244
2017,05,ny,3657
2017,05,ph,3415
2017,05,ri,1020
2017,05,sf,917
2017,05,sl,2210
2017,05,su,286
2017,07,at,1338
2017,07,bo,532
2017,07,ch,0
2017,07,cl,1201
2017,07,da,2111
2017,07,kc,564
2017,07,mi,2267
2017,07,ny,3770
2017,07,ph,3730
2017,07,ri,1382
2017,07,sf,571
2017,07,sl,2339
2017,07,su,286
2017,09,at,2262
2017,09,bo,3237
2017,09,ch,0
2017,09,cl,1360
2017,09,da,1960
2017,09,kc,582
2017,09,mi,1828
2017,09,ny,2901
2017,09,ph,3520
2017,09,ri,1828
2017,09,sf,854
2017,09,sl,2360
2017,09,su,593
2017,10,at,1699
2017,10,bo,2168
2017,10,ch,0
2017,10,cl,1324
2017,10,da,877
2017,10,kc,536
2017,10,mi,2074
2017,10,ny,3262
2017,10,ph,2715
2017,10,ri,1201
2017,10,sf,984
2017,10,sl,2142
2017,10,su,288
2017,11,at,1616
2017,11,bo,1260
2017,11,ch,0
2017,11,cl,1051
2017,11,da,604
2017,11,kc,672
2017,11,mi,2136
2017,11,ny,3816
2017,11,ph,3527
2017,11,ri,1479
2017,11,sf,1424
2017,11,sl,1887
2017,11,su,288
2018,01,at,1422
2018,01,bo,1297
2018,01,ch,238
2018,01,cl,734
2018,01,da,744
2018,01,kc,749
2018,01,mi,2276
2018,01,ny,2647
2018,01,ph,4379
2018,01,ri,1472
2018,01,sf,777
2018,01,sl,1542
2018,01,su,284
2018,03,at,2189
2018,03,bo,2674
2018,03,ch,0
2018,03,cl,449
2018,03,da,892
2018,03,kc,501
2018,03,mi,2990
2018,03,ny,3500
2018,03,ph,4412
2018,03,ri,1811
2018,03,sf,414
2018,03,sl,2118
2018,03,su,292
2018,04,at,1575
2018,04,bo,2261
2018,04,ch,0
2018,04,cl,524
2018,04,da,264
2018,04,kc,567
2018,04,mi,1476
2018,04,ny,3379
2018,04,ph,4373
2018,04,ri,1873
2018,04,sf,448
2018,04,sl,1369
2018,04,su,281
2018,05,at,1520
2018,05,bo,1467
2018,05,ch,0
2018,05,cl,994
2018,05,da,856
2018,05,kc,542
2018,05,mi,1636
2018,05,ny,3818
2018,05,ph,3698
2018,05,ri,1844
2018,05,sf,338
2018,05,sl,2337
2018,05,su,283
2018,07,at,1806
2018,07,bo,871
2018,07,ch,0
2018,07,cl,1305
2018,07,da,1152
2018,07,kc,525
2018,07,mi,2289
2018,07,ny,3802
2018,07,ph,3384
2018,07,ri,1864
2018,07,sf,551
2018,07,sl,2034
2018,07,su,280
2018,09,at,2087
2018,09,bo,2788
2018,09,ch,0
2018,09,cl,2052
2018,09,da,1088
2018,09,kc,848
2018,09,mi,2385
2018,09,ny,3225
2018,09,ph,3927
2018,09,ri,1812
2018,09,sf,1493
2018,09,sl,2136
2018,09,su,285
2018,10,at,1622
2018,10,bo,513
2018,10,ch,0
2018,10,cl,2107
2018,10,da,490
2018,10,kc,891
2018,10,mi,1583
2018,10,ny,3800
2018,10,ph,3984
2018,10,ri,1651
2018,10,sf,1524
2018,10,sl,1767
2018,10,su,0
2018,12,at,1390
2018,12,bo,2250
2018,12,ch,0
2018,12,cl,2313
2018,12,da,969
2018,12,kc,918
2018,12,mi,1980
2018,12,ny,2965
2018,12,ph,4296
2018,12,ri,1739
2018,12,sf,1575
2018,12,sl,2568
2018,12,su,291
2019,01,at,1580
2019,01,bo,2551
2019,01,ch,0
2019,01,cl,573
2019,01,da,1326
2019,01,kc,776
2019,01,mi,1654
2019,01,ny,3559
2019,01,ph,3951
2019,01,ri,1572
2019,01,sf,1500
2019,01,sl,1632
2019,01,su,284
2019,03,at,1363
2019,03,bo,2489
2019,03,ch,0
2019,03,cl,1761
2019,03,da,1389
2019,03,kc,892
2019,03,mi,1362
2019,03,ny,3248
2019,03,ph,4403
2019,03,ri,1592
2019,03,sf,1537
2019,03,sl,1622
2019,03,su,290
2019,04,at,1340
2019,04,bo,1342
2019,04,ch,0
2019,04,cl,748
2019,04,da,966
2019,04,kc,919
2019,04,mi,1710
2019,04,ny,3553
2019,04,ph,4120
2019,04,ri,1844
2019,04,sf,1458
2019,04,sl,2464
2019,04,su,284
2019,06,at,1251
2019,06,bo,2173
2019,06,ch,0
2019,06,cl,1053
2019,06,da,1299
2019,06,kc,890
2019,06,mi,2178
2019,06,ny,3295
2019,06,ph,4173
2019,06,ri,1584
2019,06,sf,1370
2019,06,sl,2088
2019,06,su,285
2019,07,at,1300
2019,07,bo,2034
2019,07,ch,0
2019,07,cl,1564
2019,07,da,913
2019,07,kc,918
2019,07,mi,1387
2019,07,ny,2966
2019,07,ph,4558
2019,07,ri,1923
2019,07,sf,1965
2019,07,sl,1296
2019,07,su,287
2019,09,at,1561
2019,09,bo,2525
2019,09,ch,0
2019,09,cl,1398
2019,09,da,1015
2019,09,kc,970
2019,09,mi,2576
2019,09,ny,3491
2019,09,ph,4131
2019,09,ri,1746
2019,09,sf,2990
2019,09,sl,2182
2019,09,su,284
2019,10,at,1302
2019,10,bo,2832
2019,10,ch,0
2019,10,cl,1287
2019,10,da,1631
2019,10,kc,689
2019,10,mi,2510
2019,10,ny,3862
2019,10,ph,4279
2019,10,ri,1915
2019,10,sf,1960
2019,10,sl,1389
2019,10,su,286
2019,11,at,1224
2019,11,bo,2106
2019,11,ch,0
2019,11,cl,1066
2019,11,da,1241
2019,11,kc,1009
2019,11,mi,2041
2019,11,ny,2851
2019,11,ph,4362
2019,11,ri,1663
2019,11,sf,2179
2019,11,sl,1741
2019,11,su,285
2020,01,at,1269
2020,01,bo,1923
2020,01,ch,0
2020,01,cl,1079
2020,01,da,1602
2020,01,kc,910
2020,01,mi,1738
2020,01,ny,3251
2020,01,ph,4416
2020,01,ri,1897
2020,01,sf,2229
2020,01,sl,2031
2020,01,su,285
2020,03,at,1451
2020,03,bo,1937
2020,03,ch,0
2020,03,cl,1702
2020,03,da,1033
2020,03,kc,992
2020,03,mi,2173
2020,03,ny,2794
2020,03,ph,4439
2020,03,ri,1693
2020,03,sf,2133
2020,03,sl,1680
2020,03,su,289
2020,04,at,1812
2020,04,bo,1012
2020,04,ch,0
2020,04,cl,0
2020,04,da,1114
2020,04,kc,1031
2020,04,mi,1212
2020,04,ny,3167
2020,04,ph,3850
2020,04,ri,1673
2020,04,sf,1900
2020,04,sl,1824
2020,04,su,281
2020,05,at,1885
2020,05,bo,1562
2020,05,ch,2447
2020,05,cl,3187
2020,05,da,738
2020,05,kc,868
2020,05,mi,1486
2020,05,ny,3266
2020,05,ph,4732
2020,05,ri,3151
2020,05,sf,1775
2020,05,sl,3245
2020,05,su,0
